"filename", "language", "wxml", "JSON", "JavaScript", "CSS", "XML", "TypeScript", "comment", "blank", "total"
"d:\User_program\bs\xyyz-new\cloudfunctions\add_shopping_product\config.json", "JSON", 0, -8, 0, 0, 0, 0, 0, -2, -10
"d:\User_program\bs\xyyz-new\cloudfunctions\add_shopping_product\index.js", "JavaScript", 0, 0, -10, 0, 0, 0, 0, -3, -13
"d:\User_program\bs\xyyz-new\cloudfunctions\add_shopping_product\package.json", "JSON", 0, -14, 0, 0, 0, 0, 0, -2, -16
"d:\User_program\bs\xyyz-new\cloudfunctions\ai_chat_proxy\config.json", "JSON", 0, -6, 0, 0, 0, 0, 0, -1, -7
"d:\User_program\bs\xyyz-new\cloudfunctions\ai_chat_proxy\index.js", "JavaScript", 0, 0, -181, 0, 0, 0, -9, -28, -218
"d:\User_program\bs\xyyz-new\cloudfunctions\ai_chat_proxy\package.json", "JSON", 0, -9, 0, 0, 0, 0, 0, -1, -10
"d:\User_program\bs\xyyz-new\cloudfunctions\apply_certification\config.json", "JSON", 0, -8, 0, 0, 0, 0, 0, -2, -10
"d:\User_program\bs\xyyz-new\cloudfunctions\apply_certification\index.js", "JavaScript", 0, 0, -205, 0, 0, 0, 0, -28, -233
"d:\User_program\bs\xyyz-new\cloudfunctions\apply_certification\package.json", "JSON", 0, -14, 0, 0, 0, 0, 0, -2, -16
"d:\User_program\bs\xyyz-new\cloudfunctions\auto_cancel_orders\config.json", "JSON", 0, -12, 0, 0, 0, 0, 0, -1, -13
"d:\User_program\bs\xyyz-new\cloudfunctions\auto_cancel_orders\index.js", "JavaScript", 0, 0, -366, 0, 0, 0, 0, -50, -416
"d:\User_program\bs\xyyz-new\cloudfunctions\auto_cancel_orders\package.json", "JSON", 0, -9, 0, 0, 0, 0, 0, -1, -10
"d:\User_program\bs\xyyz-new\cloudfunctions\cancel_order\config.json", "JSON", 0, -1, 0, 0, 0, 0, 0, -1, -2
"d:\User_program\bs\xyyz-new\cloudfunctions\cancel_order\index.js", "JavaScript", 0, 0, -74, 0, 0, 0, -15, -20, -109
"d:\User_program\bs\xyyz-new\cloudfunctions\cancel_order\package.json", "JSON", 0, -9, 0, 0, 0, 0, 0, -1, -10
"d:\User_program\bs\xyyz-new\cloudfunctions\clear_chat_unread\config.json", "JSON", 0, -5, 0, 0, 0, 0, 0, -2, -7
"d:\User_program\bs\xyyz-new\cloudfunctions\clear_chat_unread\index.js", "JavaScript", 0, 0, -34, 0, 0, 0, -12, -10, -56
"d:\User_program\bs\xyyz-new\cloudfunctions\clear_chat_unread\package.json", "JSON", 0, -14, 0, 0, 0, 0, 0, -2, -16
"d:\User_program\bs\xyyz-new\cloudfunctions\confirm_receipt\config.json", "JSON", 0, -1, 0, 0, 0, 0, 0, -1, -2
"d:\User_program\bs\xyyz-new\cloudfunctions\confirm_receipt\index.js", "JavaScript", 0, 0, -113, 0, 0, 0, -14, -23, -150
"d:\User_program\bs\xyyz-new\cloudfunctions\confirm_receipt\package.json", "JSON", 0, -9, 0, 0, 0, 0, 0, -1, -10
"d:\User_program\bs\xyyz-new\cloudfunctions\create_order\config.json", "JSON", 0, -1, 0, 0, 0, 0, 0, -1, -2
"d:\User_program\bs\xyyz-new\cloudfunctions\create_order\index.js", "JavaScript", 0, 0, -183, 0, 0, 0, -22, -29, -234
"d:\User_program\bs\xyyz-new\cloudfunctions\create_order\package.json", "JSON", 0, -9, 0, 0, 0, 0, 0, -1, -10
"d:\User_program\bs\xyyz-new\cloudfunctions\delete_comment\config.json", "JSON", 0, -5, 0, 0, 0, 0, 0, -2, -7
"d:\User_program\bs\xyyz-new\cloudfunctions\delete_comment\index.js", "JavaScript", 0, 0, -130, 0, 0, 0, -44, -30, -204
"d:\User_program\bs\xyyz-new\cloudfunctions\delete_comment\package.json", "JSON", 0, -14, 0, 0, 0, 0, 0, -2, -16
"d:\User_program\bs\xyyz-new\cloudfunctions\delete_post\config.json", "JSON", 0, -6, 0, 0, 0, 0, 0, -2, -8
"d:\User_program\bs\xyyz-new\cloudfunctions\delete_post\index.js", "JavaScript", 0, 0, -138, 0, 0, 0, -8, -29, -175
"d:\User_program\bs\xyyz-new\cloudfunctions\delete_post\package.json", "JSON", 0, -14, 0, 0, 0, 0, 0, -2, -16
"d:\User_program\bs\xyyz-new\cloudfunctions\getLogisticsTrack\config.json", "JSON", 0, -1, 0, 0, 0, 0, 0, -1, -2
"d:\User_program\bs\xyyz-new\cloudfunctions\getLogisticsTrack\index.js", "JavaScript", 0, 0, -221, 0, 0, 0, -39, -39, -299
"d:\User_program\bs\xyyz-new\cloudfunctions\getLogisticsTrack\package.json", "JSON", 0, -9, 0, 0, 0, 0, 0, -1, -10
"d:\User_program\bs\xyyz-new\cloudfunctions\get_seller_orders\config.json", "JSON", 0, -1, 0, 0, 0, 0, 0, -1, -2
"d:\User_program\bs\xyyz-new\cloudfunctions\get_seller_orders\index.js", "JavaScript", 0, 0, -85, 0, 0, 0, -13, -19, -117
"d:\User_program\bs\xyyz-new\cloudfunctions\get_seller_orders\package.json", "JSON", 0, -9, 0, 0, 0, 0, 0, -1, -10
"d:\User_program\bs\xyyz-new\cloudfunctions\login_get_openid\config.json", "JSON", 0, -5, 0, 0, 0, 0, 0, -2, -7
"d:\User_program\bs\xyyz-new\cloudfunctions\login_get_openid\index.js", "JavaScript", 0, 0, -12, 0, 0, 0, -3, -5, -20
"d:\User_program\bs\xyyz-new\cloudfunctions\login_get_openid\package.json", "JSON", 0, -14, 0, 0, 0, 0, 0, -2, -16
"d:\User_program\bs\xyyz-new\cloudfunctions\manage_aftersale\config.json", "JSON", 0, -1, 0, 0, 0, 0, 0, -1, -2
"d:\User_program\bs\xyyz-new\cloudfunctions\manage_aftersale\index.js", "JavaScript", 0, 0, -509, 0, 0, 0, -78, -88, -675
"d:\User_program\bs\xyyz-new\cloudfunctions\manage_aftersale\package.json", "JSON", 0, -9, 0, 0, 0, 0, 0, -1, -10
"d:\User_program\bs\xyyz-new\cloudfunctions\manage_chat_session\config.json", "JSON", 0, -5, 0, 0, 0, 0, 0, -1, -6
"d:\User_program\bs\xyyz-new\cloudfunctions\manage_chat_session\index.js", "JavaScript", 0, 0, -413, 0, 0, 0, -1, -60, -474
"d:\User_program\bs\xyyz-new\cloudfunctions\manage_chat_session\package.json", "JSON", 0, -14, 0, 0, 0, 0, 0, -1, -15
"d:\User_program\bs\xyyz-new\cloudfunctions\manage_post\config.json", "JSON", 0, -6, 0, 0, 0, 0, 0, -2, -8
"d:\User_program\bs\xyyz-new\cloudfunctions\manage_post\index.js", "JavaScript", 0, 0, -180, 0, 0, 0, -32, -29, -241
"d:\User_program\bs\xyyz-new\cloudfunctions\manage_post\package.json", "JSON", 0, -14, 0, 0, 0, 0, 0, -2, -16
"d:\User_program\bs\xyyz-new\cloudfunctions\manage_review\config.json", "JSON", 0, -1, 0, 0, 0, 0, 0, -1, -2
"d:\User_program\bs\xyyz-new\cloudfunctions\manage_review\index.js", "JavaScript", 0, 0, -724, 0, 0, 0, 0, -113, -837
"d:\User_program\bs\xyyz-new\cloudfunctions\manage_review\package.json", "JSON", 0, -9, 0, 0, 0, 0, 0, -1, -10
"d:\User_program\bs\xyyz-new\cloudfunctions\manage_shopping_product\config.json", "JSON", 0, -7, 0, 0, 0, 0, 0, -1, -8
"d:\User_program\bs\xyyz-new\cloudfunctions\manage_shopping_product\index.js", "JavaScript", 0, 0, -616, 0, 0, 0, 0, -101, -717
"d:\User_program\bs\xyyz-new\cloudfunctions\manage_shopping_product\package.json", "JSON", 0, -8, 0, 0, 0, 0, 0, -1, -9
"d:\User_program\bs\xyyz-new\cloudfunctions\manage_user_profile\config.json", "JSON", 0, -5, 0, 0, 0, 0, 0, -1, -6
"d:\User_program\bs\xyyz-new\cloudfunctions\manage_user_profile\index.js", "JavaScript", 0, 0, -238, 0, 0, 0, 0, -45, -283
"d:\User_program\bs\xyyz-new\cloudfunctions\manage_user_profile\package.json", "JSON", 0, -8, 0, 0, 0, 0, 0, -1, -9
"d:\User_program\bs\xyyz-new\cloudfunctions\manage_workshop_home\config.json", "JSON", 0, -8, 0, 0, 0, 0, 0, -1, -9
"d:\User_program\bs\xyyz-new\cloudfunctions\manage_workshop_home\index.js", "JavaScript", 0, 0, -260, 0, 0, 0, -9, -42, -311
"d:\User_program\bs\xyyz-new\cloudfunctions\manage_workshop_home\package.json", "JSON", 0, -9, 0, 0, 0, 0, 0, -1, -10
"d:\User_program\bs\xyyz-new\cloudfunctions\process_payment\config.json", "JSON", 0, -5, 0, 0, 0, 0, 0, -1, -6
"d:\User_program\bs\xyyz-new\cloudfunctions\process_payment\index.js", "JavaScript", 0, 0, -110, 0, 0, 0, -23, -21, -154
"d:\User_program\bs\xyyz-new\cloudfunctions\process_payment\package.json", "JSON", 0, -14, 0, 0, 0, 0, 0, -1, -15
"d:\User_program\bs\xyyz-new\cloudfunctions\quickstartFunctions\config.json", "JSON", 0, -7, 0, 0, 0, 0, 0, 0, -7
"d:\User_program\bs\xyyz-new\cloudfunctions\quickstartFunctions\index.js", "JavaScript", 0, 0, -150, 0, 0, 0, -28, -9, -187
"d:\User_program\bs\xyyz-new\cloudfunctions\quickstartFunctions\package.json", "JSON", 0, -14, 0, 0, 0, 0, 0, -1, -15
"d:\User_program\bs\xyyz-new\cloudfunctions\report_content\config.json", "JSON", 0, -5, 0, 0, 0, 0, 0, -1, -6
"d:\User_program\bs\xyyz-new\cloudfunctions\report_content\index.js", "JavaScript", 0, 0, -82, 0, 0, 0, -1, -16, -99
"d:\User_program\bs\xyyz-new\cloudfunctions\report_content\package.json", "JSON", 0, -14, 0, 0, 0, 0, 0, -1, -15
"d:\User_program\bs\xyyz-new\cloudfunctions\report_product_view\config.json", "JSON", 0, -5, 0, 0, 0, 0, 0, -1, -6
"d:\User_program\bs\xyyz-new\cloudfunctions\report_product_view\index.js", "JavaScript", 0, 0, -32, 0, 0, 0, 0, -6, -38
"d:\User_program\bs\xyyz-new\cloudfunctions\report_product_view\package.json", "JSON", 0, -8, 0, 0, 0, 0, 0, -1, -9
"d:\User_program\bs\xyyz-new\cloudfunctions\report_view\config.json", "JSON", 0, -5, 0, 0, 0, 0, 0, -2, -7
"d:\User_program\bs\xyyz-new\cloudfunctions\report_view\index.js", "JavaScript", 0, 0, -87, 0, 0, 0, -25, -21, -133
"d:\User_program\bs\xyyz-new\cloudfunctions\report_view\package.json", "JSON", 0, -9, 0, 0, 0, 0, 0, -2, -11
"d:\User_program\bs\xyyz-new\cloudfunctions\reset_mall_test_data\config.json", "JSON", 0, -5, 0, 0, 0, 0, 0, -1, -6
"d:\User_program\bs\xyyz-new\cloudfunctions\reset_mall_test_data\index.js", "JavaScript", 0, 0, -97, 0, 0, 0, 0, -21, -118
"d:\User_program\bs\xyyz-new\cloudfunctions\reset_mall_test_data\package.json", "JSON", 0, -9, 0, 0, 0, 0, 0, -1, -10
"d:\User_program\bs\xyyz-new\cloudfunctions\revoke_chat_msg\config.json", "JSON", 0, -5, 0, 0, 0, 0, 0, -2, -7
"d:\User_program\bs\xyyz-new\cloudfunctions\revoke_chat_msg\index.js", "JavaScript", 0, 0, -66, 0, 0, 0, -16, -19, -101
"d:\User_program\bs\xyyz-new\cloudfunctions\revoke_chat_msg\package.json", "JSON", 0, -14, 0, 0, 0, 0, 0, -2, -16
"d:\User_program\bs\xyyz-new\cloudfunctions\send_chat_msg\config.json", "JSON", 0, -7, 0, 0, 0, 0, 0, -2, -9
"d:\User_program\bs\xyyz-new\cloudfunctions\send_chat_msg\index.js", "JavaScript", 0, 0, -318, 0, 0, 0, -1, -47, -366
"d:\User_program\bs\xyyz-new\cloudfunctions\send_chat_msg\package.json", "JSON", 0, -14, 0, 0, 0, 0, 0, -2, -16
"d:\User_program\bs\xyyz-new\cloudfunctions\send_notification\config.json", "JSON", 0, -7, 0, 0, 0, 0, 0, -1, -8
"d:\User_program\bs\xyyz-new\cloudfunctions\send_notification\index.js", "JavaScript", 0, 0, -69, 0, 0, 0, -33, -16, -118
"d:\User_program\bs\xyyz-new\cloudfunctions\send_notification\package.json", "JSON", 0, -9, 0, 0, 0, 0, 0, -1, -10
"d:\User_program\bs\xyyz-new\cloudfunctions\ship_order\config.json", "JSON", 0, -1, 0, 0, 0, 0, 0, -1, -2
"d:\User_program\bs\xyyz-new\cloudfunctions\ship_order\index.js", "JavaScript", 0, 0, -109, 0, 0, 0, -14, -23, -146
"d:\User_program\bs\xyyz-new\cloudfunctions\ship_order\package.json", "JSON", 0, -9, 0, 0, 0, 0, 0, -1, -10
"d:\User_program\bs\xyyz-new\cloudfunctions\sync_dify_knowledge\config.json", "JSON", 0, -6, 0, 0, 0, 0, 0, -1, -7
"d:\User_program\bs\xyyz-new\cloudfunctions\sync_dify_knowledge\index.js", "JavaScript", 0, 0, -228, 0, 0, 0, -39, -44, -311
"d:\User_program\bs\xyyz-new\cloudfunctions\sync_dify_knowledge\package.json", "JSON", 0, -10, 0, 0, 0, 0, 0, -1, -11
"d:\User_program\bs\xyyz-new\cloudfunctions\trigger_ai_pipeline\config.json", "JSON", 0, -6, 0, 0, 0, 0, 0, -1, -7
"d:\User_program\bs\xyyz-new\cloudfunctions\trigger_ai_pipeline\index.js", "JavaScript", 0, 0, -127, 0, 0, 0, -13, -28, -168
"d:\User_program\bs\xyyz-new\cloudfunctions\trigger_ai_pipeline\package.json", "JSON", 0, -10, 0, 0, 0, 0, 0, -1, -11
"d:\User_program\bs\xyyz-new\cloudfunctions\update_stats\config.json", "JSON", 0, -5, 0, 0, 0, 0, 0, -2, -7
"d:\User_program\bs\xyyz-new\cloudfunctions\update_stats\index.js", "JavaScript", 0, 0, -87, 0, 0, 0, -25, -21, -133
"d:\User_program\bs\xyyz-new\cloudfunctions\update_stats\package.json", "JSON", 0, -19, 0, 0, 0, 0, 0, -2, -21
"d:\User_program\bs\xyyz-new\miniprogram\app.js", "JavaScript", 0, 0, 144, 0, 0, 0, 11, 31, 186
"d:\User_program\bs\xyyz-new\miniprogram\app.json", "JSON", 0, 100, 0, 0, 0, 0, 0, 1, 101
"d:\User_program\bs\xyyz-new\miniprogram\app.wxss", "CSS", 0, 0, 0, 21, 0, 0, 1, 5, 27
"d:\User_program\bs\xyyz-new\miniprogram\common\mall-sku.js", "JavaScript", 0, 0, 135, 0, 0, 0, 0, 19, 154
"d:\User_program\bs\xyyz-new\miniprogram\common\review.js", "JavaScript", 0, 0, 58, 0, 0, 0, 0, 8, 66
"d:\User_program\bs\xyyz-new\miniprogram\common\user-profile.js", "JavaScript", 0, 0, 168, 0, 0, 0, 0, 28, 196
"d:\User_program\bs\xyyz-new\miniprogram\components\cloudTipModal\index.js", "JavaScript", 0, 0, 24, 0, 0, 0, 3, 2, 29
"d:\User_program\bs\xyyz-new\miniprogram\components\cloudTipModal\index.json", "JSON", 0, 4, 0, 0, 0, 0, 0, 0, 4
"d:\User_program\bs\xyyz-new\miniprogram\components\cloudTipModal\index.wxml", "wxml", 8, 0, 0, 0, 0, 0, 2, 1, 11
"d:\User_program\bs\xyyz-new\miniprogram\components\cloudTipModal\index.wxss", "CSS", 0, 0, 0, 54, 0, 0, 3, 3, 60
"d:\User_program\bs\xyyz-new\miniprogram\components\ec-canvas\ec-canvas.js", "JavaScript", 0, 0, 247, 0, 0, 0, 10, 28, 285
"d:\User_program\bs\xyyz-new\miniprogram\components\ec-canvas\ec-canvas.json", "JSON", 0, 4, 0, 0, 0, 0, 0, 0, 4
"d:\User_program\bs\xyyz-new\miniprogram\components\ec-canvas\ec-canvas.wxml", "wxml", 2, 0, 0, 0, 0, 0, 2, 1, 5
"d:\User_program\bs\xyyz-new\miniprogram\components\ec-canvas\ec-canvas.wxss", "CSS", 0, 0, 0, 4, 0, 0, 0, 1, 5
"d:\User_program\bs\xyyz-new\miniprogram\components\ec-canvas\echarts.js", "JavaScript", 0, 0, 1, 0, 0, 0, 0, 0, 1
"d:\User_program\bs\xyyz-new\miniprogram\components\ec-canvas\wx-canvas.js", "JavaScript", 0, 0, 87, 0, 0, 0, 10, 15, 112
"d:\User_program\bs\xyyz-new\miniprogram\components\nav-bar\index.js", "JavaScript", 0, 0, 101, 0, 0, 0, 39, 14, 154
"d:\User_program\bs\xyyz-new\miniprogram\components\nav-bar\index.json", "JSON", 0, 6, 0, 0, 0, 0, 0, 2, 8
"d:\User_program\bs\xyyz-new\miniprogram\components\nav-bar\index.wxml", "wxml", 33, 0, 0, 0, 0, 0, 9, 6, 48
"d:\User_program\bs\xyyz-new\miniprogram\components\nav-bar\index.wxss", "CSS", 0, 0, 0, 97, 0, 0, 14, 18, 129
"d:\User_program\bs\xyyz-new\miniprogram\components\pay-keyboard\index.js", "JavaScript", 0, 0, 53, 0, 0, 0, 17, 13, 83
"d:\User_program\bs\xyyz-new\miniprogram\components\pay-keyboard\index.json", "JSON", 0, 6, 0, 0, 0, 0, 0, 1, 7
"d:\User_program\bs\xyyz-new\miniprogram\components\pay-keyboard\index.wxml", "wxml", 50, 0, 0, 0, 0, 0, 10, 7, 67
"d:\User_program\bs\xyyz-new\miniprogram\components\pay-keyboard\index.wxss", "CSS", 0, 0, 0, 148, 0, 0, 9, 26, 183
"d:\User_program\bs\xyyz-new\miniprogram\components\post-menu\index.js", "JavaScript", 0, 0, 229, 0, 0, 0, 49, 37, 315
"d:\User_program\bs\xyyz-new\miniprogram\components\post-menu\index.json", "JSON", 0, 8, 0, 0, 0, 0, 0, 2, 10
"d:\User_program\bs\xyyz-new\miniprogram\components\post-menu\index.wxml", "wxml", 117, 0, 0, 0, 0, 0, 19, 10, 146
"d:\User_program\bs\xyyz-new\miniprogram\components\post-menu\index.wxss", "CSS", 0, 0, 0, 190, 0, 0, 11, 33, 234
"d:\User_program\bs\xyyz-new\miniprogram\components\topic-search\index.js", "JavaScript", 0, 0, 162, 0, 0, 0, 61, 33, 256
"d:\User_program\bs\xyyz-new\miniprogram\components\topic-search\index.json", "JSON", 0, 8, 0, 0, 0, 0, 0, 2, 10
"d:\User_program\bs\xyyz-new\miniprogram\components\topic-search\index.wxml", "wxml", 87, 0, 0, 0, 0, 0, 12, 9, 108
"d:\User_program\bs\xyyz-new\miniprogram\components\topic-search\index.wxss", "CSS", 0, 0, 0, 149, 0, 0, 12, 28, 189
"d:\User_program\bs\xyyz-new\miniprogram\custom-tab-bar\index.js", "JavaScript", 0, 0, 38, 0, 0, 0, 9, 12, 59
"d:\User_program\bs\xyyz-new\miniprogram\custom-tab-bar\index.json", "JSON", 0, 6, 0, 0, 0, 0, 0, 2, 8
"d:\User_program\bs\xyyz-new\miniprogram\custom-tab-bar\index.wxml", "wxml", 66, 0, 0, 0, 0, 0, 2, 6, 74
"d:\User_program\bs\xyyz-new\miniprogram\custom-tab-bar\index.wxss", "CSS", 0, 0, 0, 76, 0, 0, 4, 11, 91
"d:\User_program\bs\xyyz-new\miniprogram\envList.js", "JavaScript", 0, 0, 6, 0, 0, 0, 0, 1, 7
"d:\User_program\bs\xyyz-new\miniprogram\images\review-anonymous-avatar.svg", "XML", 0, 0, 0, 0, 11, 0, 0, 1, 12
"d:\User_program\bs\xyyz-new\miniprogram\miniprogram_npm\@vant\weapp\action-sheet\index.d.ts", "TypeScript", 0, 0, 0, 0, 0, 1, 0, 1, 2
"d:\User_program\bs\xyyz-new\miniprogram\miniprogram_npm\@vant\weapp\action-sheet\index.js", "JavaScript", 0, 0, 78, 0, 0, 0, 0, 1, 79
"d:\User_program\bs\xyyz-new\miniprogram\miniprogram_npm\@vant\weapp\action-sheet\index.json", "JSON", 0, 8, 0, 0, 0, 0, 0, 1, 9
"d:\User_program\bs\xyyz-new\miniprogram\miniprogram_npm\@vant\weapp\action-sheet\index.wxml", "wxml", 68, 0, 0, 0, 0, 0, 1, 2, 71
"d:\User_program\bs\xyyz-new\miniprogram\miniprogram_npm\@vant\weapp\action-sheet\index.wxss", "CSS", 0, 0, 0, 1, 0, 0, 0, 0, 1
"d:\User_program\bs\xyyz-new\miniprogram\miniprogram_npm\@vant\weapp\area\index.d.ts", "TypeScript", 0, 0, 0, 0, 0, 1, 0, 1, 2
"d:\User_program\bs\xyyz-new\miniprogram\miniprogram_npm\@vant\weapp\area\index.js", "JavaScript", 0, 0, 232, 0, 0, 0, 3, 1, 236
"d:\User_program\bs\xyyz-new\miniprogram\miniprogram_npm\@vant\weapp\area\index.json", "JSON", 0, 6, 0, 0, 0, 0, 0, 1, 7
"d:\User_program\bs\xyyz-new\miniprogram\miniprogram_npm\@vant\weapp\area\index.wxml", "wxml", 19, 0, 0, 0, 0, 0, 0, 2, 21
"d:\User_program\bs\xyyz-new\miniprogram\miniprogram_npm\@vant\weapp\area\index.wxs", "JavaScript", 0, 0, 6, 0, 0, 0, 1, 2, 9
"d:\User_program\bs\xyyz-new\miniprogram\miniprogram_npm\@vant\weapp\area\index.wxss", "CSS", 0, 0, 0, 1, 0, 0, 0, 0, 1
"d:\User_program\bs\xyyz-new\miniprogram\miniprogram_npm\@vant\weapp\button\index.d.ts", "TypeScript", 0, 0, 0, 0, 0, 1, 0, 1, 2
"d:\User_program\bs\xyyz-new\miniprogram\miniprogram_npm\@vant\weapp\button\index.js", "JavaScript", 0, 0, 67, 0, 0, 0, 0, 1, 68
"d:\User_program\bs\xyyz-new\miniprogram\miniprogram_npm\@vant\weapp\button\index.json", "JSON", 0, 7, 0, 0, 0, 0, 0, 1, 8
"d:\User_program\bs\xyyz-new\miniprogram\miniprogram_npm\@vant\weapp\button\index.wxml", "wxml", 55, 0, 0, 0, 0, 0, 0, 2, 57
"d:\User_program\bs\xyyz-new\miniprogram\miniprogram_npm\@vant\weapp\button\index.wxs", "JavaScript", 0, 0, 29, 0, 0, 0, 2, 9, 40
"d:\User_program\bs\xyyz-new\miniprogram\miniprogram_npm\@vant\weapp\button\index.wxss", "CSS", 0, 0, 0, 1, 0, 0, 0, 0, 1
"d:\User_program\bs\xyyz-new\miniprogram\miniprogram_npm\@vant\weapp\calendar\calendar.wxml", "wxml", 67, 0, 0, 0, 0, 0, 0, 4, 71
"d:\User_program\bs\xyyz-new\miniprogram\miniprogram_npm\@vant\weapp\calendar\components\header\index.d.ts", "TypeScript", 0, 0, 0, 0, 0, 1, 0, 1, 2
"d:\User_program\bs\xyyz-new\miniprogram\miniprogram_npm\@vant\weapp\calendar\components\header\index.js", "JavaScript", 0, 0, 45, 0, 0, 0, 0, 1, 46
"d:\User_program\bs\xyyz-new\miniprogram\miniprogram_npm\@vant\weapp\calendar\components\header\index.json", "JSON", 0, 3, 0, 0, 0, 0, 0, 1, 4
"d:\User_program\bs\xyyz-new\miniprogram\miniprogram_npm\@vant\weapp\calendar\components\header\index.wxml", "wxml", 14, 0, 0, 0, 0, 0, 0, 3, 17
"d:\User_program\bs\xyyz-new\miniprogram\miniprogram_npm\@vant\weapp\calendar\components\header\index.wxss", "CSS", 0, 0, 0, 1, 0, 0, 0, 0, 1
"d:\User_program\bs\xyyz-new\miniprogram\miniprogram_npm\@vant\weapp\calendar\components\month\index.d.ts", "TypeScript", 0, 0, 0, 0, 0, 6, 0, 1, 7
"d:\User_program\bs\xyyz-new\miniprogram\miniprogram_npm\@vant\weapp\calendar\components\month\index.js", "JavaScript", 0, 0, 157, 0, 0, 0, 1, 1, 159
"d:\User_program\bs\xyyz-new\miniprogram\miniprogram_npm\@vant\weapp\calendar\components\month\index.json", "JSON", 0, 3, 0, 0, 0, 0, 0, 1, 4
"d:\User_program\bs\xyyz-new\miniprogram\miniprogram_npm\@vant\weapp\calendar\components\month\index.wxml", "wxml", 35, 0, 0, 0, 0, 0, 0, 5, 40
"d:\User_program\bs\xyyz-new\miniprogram\miniprogram_npm\@vant\weapp\calendar\components\month\index.wxs", "JavaScript", 0, 0, 58, 0, 0, 0, 1, 13, 72
"d:\User_program\bs\xyyz-new\miniprogram\miniprogram_npm\@vant\weapp\calendar\components\month\index.wxss", "CSS", 0, 0, 0, 1, 0, 0, 0, 0, 1
"d:\User_program\bs\xyyz-new\miniprogram\miniprogram_npm\@vant\weapp\calendar\index.d.ts", "TypeScript", 0, 0, 0, 0, 0, 1, 0, 1, 2
"d:\User_program\bs\xyyz-new\miniprogram\miniprogram_npm\@vant\weapp\calendar\index.js", "JavaScript", 0, 0, 375, 0, 0, 0, 8, 1, 384
"d:\User_program\bs\xyyz-new\miniprogram\miniprogram_npm\@vant\weapp\calendar\index.json", "JSON", 0, 10, 0, 0, 0, 0, 0, 1, 11
"d:\User_program\bs\xyyz-new\miniprogram\miniprogram_npm\@vant\weapp\calendar\index.wxml", "wxml", 23, 0, 0, 0, 0, 0, 0, 5, 28
"d:\User_program\bs\xyyz-new\miniprogram\miniprogram_npm\@vant\weapp\calendar\index.wxs", "JavaScript", 0, 0, 27, 0, 0, 0, 1, 10, 38
"d:\User_program\bs\xyyz-new\miniprogram\miniprogram_npm\@vant\weapp\calendar\index.wxss", "CSS", 0, 0, 0, 1, 0, 0, 0, 0, 1
"d:\User_program\bs\xyyz-new\miniprogram\miniprogram_npm\@vant\weapp\calendar\utils.d.ts", "TypeScript", 0, 0, 0, 0, 0, 12, 0, 1, 13
"d:\User_program\bs\xyyz-new\miniprogram\miniprogram_npm\@vant\weapp\calendar\utils.js", "JavaScript", 0, 0, 97, 0, 0, 0, 0, 1, 98
"d:\User_program\bs\xyyz-new\miniprogram\miniprogram_npm\@vant\weapp\calendar\utils.wxs", "JavaScript", 0, 0, 19, 0, 0, 0, 1, 6, 26
"d:\User_program\bs\xyyz-new\miniprogram\miniprogram_npm\@vant\weapp\card\index.d.ts", "TypeScript", 0, 0, 0, 0, 0, 1, 0, 1, 2
"d:\User_program\bs\xyyz-new\miniprogram\miniprogram_npm\@vant\weapp\card\index.js", "JavaScript", 0, 0, 51, 0, 0, 0, 0, 1, 52
"d:\User_program\bs\xyyz-new\miniprogram\miniprogram_npm\@vant\weapp\card\index.json", "JSON", 0, 6, 0, 0, 0, 0, 0, 1, 7
"d:\User_program\bs\xyyz-new\miniprogram\miniprogram_npm\@vant\weapp\card\index.wxml", "wxml", 50, 0, 0, 0, 0, 0, 0, 7, 57
"d:\User_program\bs\xyyz-new\miniprogram\miniprogram_npm\@vant\weapp\card\index.wxss", "CSS", 0, 0, 0, 1, 0, 0, 0, 0, 1
"d:\User_program\bs\xyyz-new\miniprogram\miniprogram_npm\@vant\weapp\cascader\index.d.ts", "TypeScript", 0, 0, 0, 0, 0, 1, 0, 1, 2
"d:\User_program\bs\xyyz-new\miniprogram\miniprogram_npm\@vant\weapp\cascader\index.js", "JavaScript", 0, 0, 227, 0, 0, 0, 1, 1, 229
"d:\User_program\bs\xyyz-new\miniprogram\miniprogram_npm\@vant\weapp\cascader\index.json", "JSON", 0, 8, 0, 0, 0, 0, 0, 0, 8
"d:\User_program\bs\xyyz-new\miniprogram\miniprogram_npm\@vant\weapp\cascader\index.wxml", "wxml", 48, 0, 0, 0, 0, 0, 4, 4, 56
"d:\User_program\bs\xyyz-new\miniprogram\miniprogram_npm\@vant\weapp\cascader\index.wxs", "JavaScript", 0, 0, 19, 0, 0, 0, 0, 5, 24
"d:\User_program\bs\xyyz-new\miniprogram\miniprogram_npm\@vant\weapp\cascader\index.wxss", "CSS", 0, 0, 0, 1, 0, 0, 0, 0, 1
"d:\User_program\bs\xyyz-new\miniprogram\miniprogram_npm\@vant\weapp\cell-group\index.d.ts", "TypeScript", 0, 0, 0, 0, 0, 1, 0, 1, 2
"d:\User_program\bs\xyyz-new\miniprogram\miniprogram_npm\@vant\weapp\cell-group\index.js", "JavaScript", 0, 0, 13, 0, 0, 0, 0, 1, 14
"d:\User_program\bs\xyyz-new\miniprogram\miniprogram_npm\@vant\weapp\cell-group\index.json", "JSON", 0, 3, 0, 0, 0, 0, 0, 1, 4
"d:\User_program\bs\xyyz-new\miniprogram\miniprogram_npm\@vant\weapp\cell-group\index.wxml", "wxml", 10, 0, 0, 0, 0, 0, 0, 2, 12
"d:\User_program\bs\xyyz-new\miniprogram\miniprogram_npm\@vant\weapp\cell-group\index.wxss", "CSS", 0, 0, 0, 1, 0, 0, 0, 0, 1
"d:\User_program\bs\xyyz-new\miniprogram\miniprogram_npm\@vant\weapp\cell\index.d.ts", "TypeScript", 0, 0, 0, 0, 0, 1, 0, 1, 2
"d:\User_program\bs\xyyz-new\miniprogram\miniprogram_npm\@vant\weapp\cell\index.js", "JavaScript", 0, 0, 40, 0, 0, 0, 0, 1, 41
"d:\User_program\bs\xyyz-new\miniprogram\miniprogram_npm\@vant\weapp\cell\index.json", "JSON", 0, 6, 0, 0, 0, 0, 0, 1, 7
"d:\User_program\bs\xyyz-new\miniprogram\miniprogram_npm\@vant\weapp\cell\index.wxml", "wxml", 40, 0, 0, 0, 0, 0, 0, 8, 48
"d:\User_program\bs\xyyz-new\miniprogram\miniprogram_npm\@vant\weapp\cell\index.wxs", "JavaScript", 0, 0, 14, 0, 0, 0, 1, 3, 18
"d:\User_program\bs\xyyz-new\miniprogram\miniprogram_npm\@vant\weapp\cell\index.wxss", "CSS", 0, 0, 0, 1, 0, 0, 0, 0, 1
"d:\User_program\bs\xyyz-new\miniprogram\miniprogram_npm\@vant\weapp\checkbox-group\index.d.ts", "TypeScript", 0, 0, 0, 0, 0, 1, 0, 1, 2
"d:\User_program\bs\xyyz-new\miniprogram\miniprogram_npm\@vant\weapp\checkbox-group\index.js", "JavaScript", 0, 0, 39, 0, 0, 0, 0, 1, 40
"d:\User_program\bs\xyyz-new\miniprogram\miniprogram_npm\@vant\weapp\checkbox-group\index.json", "JSON", 0, 3, 0, 0, 0, 0, 0, 1, 4
"d:\User_program\bs\xyyz-new\miniprogram\miniprogram_npm\@vant\weapp\checkbox-group\index.wxml", "wxml", 4, 0, 0, 0, 0, 0, 0, 2, 6
"d:\User_program\bs\xyyz-new\miniprogram\miniprogram_npm\@vant\weapp\checkbox-group\index.wxss", "CSS", 0, 0, 0, 1, 0, 0, 0, 0, 1
"d:\User_program\bs\xyyz-new\miniprogram\miniprogram_npm\@vant\weapp\checkbox\index.d.ts", "TypeScript", 0, 0, 0, 0, 0, 1, 0, 1, 2
"d:\User_program\bs\xyyz-new\miniprogram\miniprogram_npm\@vant\weapp\checkbox\index.js", "JavaScript", 0, 0, 79, 0, 0, 0, 0, 1, 80
"d:\User_program\bs\xyyz-new\miniprogram\miniprogram_npm\@vant\weapp\checkbox\index.json", "JSON", 0, 6, 0, 0, 0, 0, 0, 1, 7
"d:\User_program\bs\xyyz-new\miniprogram\miniprogram_npm\@vant\weapp\checkbox\index.wxml", "wxml", 30, 0, 0, 0, 0, 0, 0, 2, 32
"d:\User_program\bs\xyyz-new\miniprogram\miniprogram_npm\@vant\weapp\checkbox\index.wxs", "JavaScript", 0, 0, 15, 0, 0, 0, 1, 5, 21
"d:\User_program\bs\xyyz-new\miniprogram\miniprogram_npm\@vant\weapp\checkbox\index.wxss", "CSS", 0, 0, 0, 1, 0, 0, 0, 0, 1
"d:\User_program\bs\xyyz-new\miniprogram\miniprogram_npm\@vant\weapp\circle\canvas.d.ts", "TypeScript", 0, 0, 0, 0, 0, 3, 1, 1, 5
"d:\User_program\bs\xyyz-new\miniprogram\miniprogram_npm\@vant\weapp\circle\canvas.js", "JavaScript", 0, 0, 46, 0, 0, 0, 1, 1, 48
"d:\User_program\bs\xyyz-new\miniprogram\miniprogram_npm\@vant\weapp\circle\index.d.ts", "TypeScript", 0, 0, 0, 0, 0, 1, 0, 1, 2
"d:\User_program\bs\xyyz-new\miniprogram\miniprogram_npm\@vant\weapp\circle\index.js", "JavaScript", 0, 0, 205, 0, 0, 0, 2, 1, 208
"d:\User_program\bs\xyyz-new\miniprogram\miniprogram_npm\@vant\weapp\circle\index.json", "JSON", 0, 3, 0, 0, 0, 0, 0, 1, 4
"d:\User_program\bs\xyyz-new\miniprogram\miniprogram_npm\@vant\weapp\circle\index.wxml", "wxml", 8, 0, 0, 0, 0, 0, 0, 2, 10
"d:\User_program\bs\xyyz-new\miniprogram\miniprogram_npm\@vant\weapp\circle\index.wxss", "CSS", 0, 0, 0, 1, 0, 0, 0, 0, 1
"d:\User_program\bs\xyyz-new\miniprogram\miniprogram_npm\@vant\weapp\col\index.d.ts", "TypeScript", 0, 0, 0, 0, 0, 1, 0, 1, 2
"d:\User_program\bs\xyyz-new\miniprogram\miniprogram_npm\@vant\weapp\col\index.js", "JavaScript", 0, 0, 11, 0, 0, 0, 0, 1, 12
"d:\User_program\bs\xyyz-new\miniprogram\miniprogram_npm\@vant\weapp\col\index.json", "JSON", 0, 3, 0, 0, 0, 0, 0, 1, 4
"d:\User_program\bs\xyyz-new\miniprogram\miniprogram_npm\@vant\weapp\col\index.wxml", "wxml", 8, 0, 0, 0, 0, 0, 0, 2, 10
"d:\User_program\bs\xyyz-new\miniprogram\miniprogram_npm\@vant\weapp\col\index.wxs", "JavaScript", 0, 0, 14, 0, 0, 0, 1, 4, 19
"d:\User_program\bs\xyyz-new\miniprogram\miniprogram_npm\@vant\weapp\col\index.wxss", "CSS", 0, 0, 0, 1, 0, 0, 0, 0, 1
"d:\User_program\bs\xyyz-new\miniprogram\miniprogram_npm\@vant\weapp\collapse-item\animate.d.ts", "TypeScript", 0, 0, 0, 0, 0, 1, 1, 1, 3
"d:\User_program\bs\xyyz-new\miniprogram\miniprogram_npm\@vant\weapp\collapse-item\animate.js", "JavaScript", 0, 0, 43, 0, 0, 0, 0, 1, 44
"d:\User_program\bs\xyyz-new\miniprogram\miniprogram_npm\@vant\weapp\collapse-item\index.d.ts", "TypeScript", 0, 0, 0, 0, 0, 1, 0, 1, 2
"d:\User_program\bs\xyyz-new\miniprogram\miniprogram_npm\@vant\weapp\collapse-item\index.js", "JavaScript", 0, 0, 63, 0, 0, 0, 0, 1, 64
"d:\User_program\bs\xyyz-new\miniprogram\miniprogram_npm\@vant\weapp\collapse-item\index.json", "JSON", 0, 6, 0, 0, 0, 0, 0, 1, 7
"d:\User_program\bs\xyyz-new\miniprogram\miniprogram_npm\@vant\weapp\collapse-item\index.wxml", "wxml", 44, 0, 0, 0, 0, 0, 0, 2, 46
"d:\User_program\bs\xyyz-new\miniprogram\miniprogram_npm\@vant\weapp\collapse-item\index.wxss", "CSS", 0, 0, 0, 1, 0, 0, 0, 0, 1
"d:\User_program\bs\xyyz-new\miniprogram\miniprogram_npm\@vant\weapp\collapse\index.d.ts", "TypeScript", 0, 0, 0, 0, 0, 1, 0, 1, 2
"d:\User_program\bs\xyyz-new\miniprogram\miniprogram_npm\@vant\weapp\collapse\index.js", "JavaScript", 0, 0, 48, 0, 0, 0, 0, 1, 49
"d:\User_program\bs\xyyz-new\miniprogram\miniprogram_npm\@vant\weapp\collapse\index.json", "JSON", 0, 3, 0, 0, 0, 0, 0, 1, 4
"d:\User_program\bs\xyyz-new\miniprogram\miniprogram_npm\@vant\weapp\collapse\index.wxml", "wxml", 3, 0, 0, 0, 0, 0, 0, 1, 4
"d:\User_program\bs\xyyz-new\miniprogram\miniprogram_npm\@vant\weapp\collapse\index.wxss", "CSS", 0, 0, 0, 1, 0, 0, 0, 0, 1
"d:\User_program\bs\xyyz-new\miniprogram\miniprogram_npm\@vant\weapp\common\color.d.ts", "TypeScript", 0, 0, 0, 0, 0, 7, 0, 1, 8
"d:\User_program\bs\xyyz-new\miniprogram\miniprogram_npm\@vant\weapp\common\color.js", "JavaScript", 0, 0, 10, 0, 0, 0, 0, 1, 11
"d:\User_program\bs\xyyz-new\miniprogram\miniprogram_npm\@vant\weapp\common\component.d.ts", "TypeScript", 0, 0, 0, 0, 0, 3, 1, 1, 5
"d:\User_program\bs\xyyz-new\miniprogram\miniprogram_npm\@vant\weapp\common\component.js", "JavaScript", 0, 0, 44, 0, 0, 0, 5, 1, 50
"d:\User_program\bs\xyyz-new\miniprogram\miniprogram_npm\@vant\weapp\common\index.wxss", "CSS", 0, 0, 0, 1, 0, 0, 0, 0, 1
"d:\User_program\bs\xyyz-new\miniprogram\miniprogram_npm\@vant\weapp\common\relation.d.ts", "TypeScript", 0, 0, 0, 0, 0, 14, 1, 1, 16
"d:\User_program\bs\xyyz-new\miniprogram\miniprogram_npm\@vant\weapp\common\relation.js", "JavaScript", 0, 0, 64, 0, 0, 0, 1, 1, 66
"d:\User_program\bs\xyyz-new\miniprogram\miniprogram_npm\@vant\weapp\common\style\clearfix.wxss", "CSS", 0, 0, 0, 1, 0, 0, 0, 0, 1
"d:\User_program\bs\xyyz-new\miniprogram\miniprogram_npm\@vant\weapp\common\style\ellipsis.wxss", "CSS", 0, 0, 0, 1, 0, 0, 0, 0, 1
"d:\User_program\bs\xyyz-new\miniprogram\miniprogram_npm\@vant\weapp\common\style\hairline.wxss", "CSS", 0, 0, 0, 1, 0, 0, 0, 0, 1
"d:\User_program\bs\xyyz-new\miniprogram\miniprogram_npm\@vant\weapp\common\style\mixins\clearfix.wxss", "CSS", 0, 0, 0, 0, 0, 0, 0, 1, 1
"d:\User_program\bs\xyyz-new\miniprogram\miniprogram_npm\@vant\weapp\common\style\mixins\ellipsis.wxss", "CSS", 0, 0, 0, 0, 0, 0, 0, 1, 1
"d:\User_program\bs\xyyz-new\miniprogram\miniprogram_npm\@vant\weapp\common\style\mixins\hairline.wxss", "CSS", 0, 0, 0, 0, 0, 0, 0, 1, 1
"d:\User_program\bs\xyyz-new\miniprogram\miniprogram_npm\@vant\weapp\common\style\var.wxss", "CSS", 0, 0, 0, 0, 0, 0, 0, 1, 1
"d:\User_program\bs\xyyz-new\miniprogram\miniprogram_npm\@vant\weapp\common\utils.d.ts", "TypeScript", 0, 0, 0, 0, 0, 16, 5, 1, 22
"d:\User_program\bs\xyyz-new\miniprogram\miniprogram_npm\@vant\weapp\common\utils.js", "JavaScript", 0, 0, 106, 0, 0, 0, 3, 1, 110
"d:\User_program\bs\xyyz-new\miniprogram\miniprogram_npm\@vant\weapp\common\validator.d.ts", "TypeScript", 0, 0, 0, 0, 0, 9, 0, 1, 10
"d:\User_program\bs\xyyz-new\miniprogram\miniprogram_npm\@vant\weapp\common\validator.js", "JavaScript", 0, 0, 42, 0, 0, 0, 1, 1, 44
"d:\User_program\bs\xyyz-new\miniprogram\miniprogram_npm\@vant\weapp\common\version.d.ts", "TypeScript", 0, 0, 0, 0, 0, 14, 1, 1, 16
"d:\User_program\bs\xyyz-new\miniprogram\miniprogram_npm\@vant\weapp\common\version.js", "JavaScript", 0, 0, 70, 0, 0, 0, 0, 1, 71
"d:\User_program\bs\xyyz-new\miniprogram\miniprogram_npm\@vant\weapp\config-provider\index.d.ts", "TypeScript", 0, 0, 0, 0, 0, 1, 0, 1, 2
"d:\User_program\bs\xyyz-new\miniprogram\miniprogram_npm\@vant\weapp\config-provider\index.js", "JavaScript", 0, 0, 11, 0, 0, 0, 0, 1, 12
"d:\User_program\bs\xyyz-new\miniprogram\miniprogram_npm\@vant\weapp\config-provider\index.json", "JSON", 0, 3, 0, 0, 0, 0, 0, 1, 4
"d:\User_program\bs\xyyz-new\miniprogram\miniprogram_npm\@vant\weapp\config-provider\index.wxml", "wxml", 4, 0, 0, 0, 0, 0, 0, 2, 6
"d:\User_program\bs\xyyz-new\miniprogram\miniprogram_npm\@vant\weapp\config-provider\index.wxs", "JavaScript", 0, 0, 23, 0, 0, 0, 1, 6, 30
"d:\User_program\bs\xyyz-new\miniprogram\miniprogram_npm\@vant\weapp\count-down\index.d.ts", "TypeScript", 0, 0, 0, 0, 0, 1, 0, 1, 2
"d:\User_program\bs\xyyz-new\miniprogram\miniprogram_npm\@vant\weapp\count-down\index.js", "JavaScript", 0, 0, 101, 0, 0, 0, 3, 1, 105
"d:\User_program\bs\xyyz-new\miniprogram\miniprogram_npm\@vant\weapp\count-down\index.json", "JSON", 0, 3, 0, 0, 0, 0, 0, 1, 4
"d:\User_program\bs\xyyz-new\miniprogram\miniprogram_npm\@vant\weapp\count-down\index.wxml", "wxml", 4, 0, 0, 0, 0, 0, 0, 1, 5
"d:\User_program\bs\xyyz-new\miniprogram\miniprogram_npm\@vant\weapp\count-down\index.wxss", "CSS", 0, 0, 0, 1, 0, 0, 0, 0, 1
"d:\User_program\bs\xyyz-new\miniprogram\miniprogram_npm\@vant\weapp\count-down\utils.d.ts", "TypeScript", 0, 0, 0, 0, 0, 10, 0, 1, 11
"d:\User_program\bs\xyyz-new\miniprogram\miniprogram_npm\@vant\weapp\count-down\utils.js", "JavaScript", 0, 0, 64, 0, 0, 0, 0, 1, 65
"d:\User_program\bs\xyyz-new\miniprogram\miniprogram_npm\@vant\weapp\datetime-picker\index.d.ts", "TypeScript", 0, 0, 0, 0, 0, 1, 0, 1, 2
"d:\User_program\bs\xyyz-new\miniprogram\miniprogram_npm\@vant\weapp\datetime-picker\index.js", "JavaScript", 0, 0, 326, 0, 0, 0, 3, 1, 330
"d:\User_program\bs\xyyz-new\miniprogram\miniprogram_npm\@vant\weapp\datetime-picker\index.json", "JSON", 0, 6, 0, 0, 0, 0, 0, 1, 7
"d:\User_program\bs\xyyz-new\miniprogram\miniprogram_npm\@vant\weapp\datetime-picker\index.wxml", "wxml", 16, 0, 0, 0, 0, 0, 0, 1, 17
"d:\User_program\bs\xyyz-new\miniprogram\miniprogram_npm\@vant\weapp\datetime-picker\index.wxss", "CSS", 0, 0, 0, 1, 0, 0, 0, 0, 1
"d:\User_program\bs\xyyz-new\miniprogram\miniprogram_npm\@vant\weapp\definitions\index.d.ts", "TypeScript", 0, 0, 0, 0, 0, 28, 1, 1, 30
"d:\User_program\bs\xyyz-new\miniprogram\miniprogram_npm\@vant\weapp\definitions\index.js", "JavaScript", 0, 0, 2, 0, 0, 0, 0, 1, 3
"d:\User_program\bs\xyyz-new\miniprogram\miniprogram_npm\@vant\weapp\dialog\dialog.d.ts", "TypeScript", 0, 0, 0, 0, 0, 47, 8, 1, 56
"d:\User_program\bs\xyyz-new\miniprogram\miniprogram_npm\@vant\weapp\dialog\dialog.js", "JavaScript", 0, 0, 92, 0, 0, 0, 0, 1, 93
"d:\User_program\bs\xyyz-new\miniprogram\miniprogram_npm\@vant\weapp\dialog\index.d.ts", "TypeScript", 0, 0, 0, 0, 0, 1, 0, 1, 2
"d:\User_program\bs\xyyz-new\miniprogram\miniprogram_npm\@vant\weapp\dialog\index.js", "JavaScript", 0, 0, 136, 0, 0, 0, 0, 1, 137
"d:\User_program\bs\xyyz-new\miniprogram\miniprogram_npm\@vant\weapp\dialog\index.json", "JSON", 0, 9, 0, 0, 0, 0, 0, 1, 10
"d:\User_program\bs\xyyz-new\miniprogram\miniprogram_npm\@vant\weapp\dialog\index.wxml", "wxml", 119, 0, 0, 0, 0, 0, 0, 8, 127
"d:\User_program\bs\xyyz-new\miniprogram\miniprogram_npm\@vant\weapp\dialog\index.wxss", "CSS", 0, 0, 0, 1, 0, 0, 0, 0, 1
"d:\User_program\bs\xyyz-new\miniprogram\miniprogram_npm\@vant\weapp\divider\index.d.ts", "TypeScript", 0, 0, 0, 0, 0, 1, 0, 1, 2
"d:\User_program\bs\xyyz-new\miniprogram\miniprogram_npm\@vant\weapp\divider\index.js", "JavaScript", 0, 0, 14, 0, 0, 0, 0, 1, 15
"d:\User_program\bs\xyyz-new\miniprogram\miniprogram_npm\@vant\weapp\divider\index.json", "JSON", 0, 4, 0, 0, 0, 0, 0, 1, 5
"d:\User_program\bs\xyyz-new\miniprogram\miniprogram_npm\@vant\weapp\divider\index.wxml", "wxml", 8, 0, 0, 0, 0, 0, 0, 2, 10
"d:\User_program\bs\xyyz-new\miniprogram\miniprogram_npm\@vant\weapp\divider\index.wxs", "JavaScript", 0, 0, 15, 0, 0, 0, 1, 3, 19
"d:\User_program\bs\xyyz-new\miniprogram\miniprogram_npm\@vant\weapp\divider\index.wxss", "CSS", 0, 0, 0, 1, 0, 0, 0, 0, 1
"d:\User_program\bs\xyyz-new\miniprogram\miniprogram_npm\@vant\weapp\dropdown-item\index.d.ts", "TypeScript", 0, 0, 0, 0, 0, 1, 0, 1, 2
"d:\User_program\bs\xyyz-new\miniprogram\miniprogram_npm\@vant\weapp\dropdown-item\index.js", "JavaScript", 0, 0, 136, 0, 0, 0, 0, 1, 137
"d:\User_program\bs\xyyz-new\miniprogram\miniprogram_npm\@vant\weapp\dropdown-item\index.json", "JSON", 0, 8, 0, 0, 0, 0, 0, 1, 9
"d:\User_program\bs\xyyz-new\miniprogram\miniprogram_npm\@vant\weapp\dropdown-item\index.wxml", "wxml", 48, 0, 0, 0, 0, 0, 0, 3, 51
"d:\User_program\bs\xyyz-new\miniprogram\miniprogram_npm\@vant\weapp\dropdown-item\index.wxss", "CSS", 0, 0, 0, 1, 0, 0, 0, 0, 1
"d:\User_program\bs\xyyz-new\miniprogram\miniprogram_npm\@vant\weapp\dropdown-item\shared.d.ts", "TypeScript", 0, 0, 0, 0, 0, 5, 0, 1, 6
"d:\User_program\bs\xyyz-new\miniprogram\miniprogram_npm\@vant\weapp\dropdown-item\shared.js", "JavaScript", 0, 0, 2, 0, 0, 0, 0, 1, 3
"d:\User_program\bs\xyyz-new\miniprogram\miniprogram_npm\@vant\weapp\dropdown-menu\index.d.ts", "TypeScript", 0, 0, 0, 0, 0, 1, 0, 1, 2
"d:\User_program\bs\xyyz-new\miniprogram\miniprogram_npm\@vant\weapp\dropdown-menu\index.js", "JavaScript", 0, 0, 122, 0, 0, 0, 0, 1, 123
"d:\User_program\bs\xyyz-new\miniprogram\miniprogram_npm\@vant\weapp\dropdown-menu\index.json", "JSON", 0, 3, 0, 0, 0, 0, 0, 1, 4
"d:\User_program\bs\xyyz-new\miniprogram\miniprogram_npm\@vant\weapp\dropdown-menu\index.wxml", "wxml", 21, 0, 0, 0, 0, 0, 0, 3, 24
"d:\User_program\bs\xyyz-new\miniprogram\miniprogram_npm\@vant\weapp\dropdown-menu\index.wxs", "JavaScript", 0, 0, 13, 0, 0, 0, 1, 3, 17
"d:\User_program\bs\xyyz-new\miniprogram\miniprogram_npm\@vant\weapp\dropdown-menu\index.wxss", "CSS", 0, 0, 0, 1, 0, 0, 0, 0, 1
"d:\User_program\bs\xyyz-new\miniprogram\miniprogram_npm\@vant\weapp\empty\index.d.ts", "TypeScript", 0, 0, 0, 0, 0, 1, 0, 1, 2
"d:\User_program\bs\xyyz-new\miniprogram\miniprogram_npm\@vant\weapp\empty\index.js", "JavaScript", 0, 0, 12, 0, 0, 0, 0, 1, 13
"d:\User_program\bs\xyyz-new\miniprogram\miniprogram_npm\@vant\weapp\empty\index.json", "JSON", 0, 4, 0, 0, 0, 0, 0, 1, 5
"d:\User_program\bs\xyyz-new\miniprogram\miniprogram_npm\@vant\weapp\empty\index.wxml", "wxml", 19, 0, 0, 0, 0, 0, 0, 4, 23
"d:\User_program\bs\xyyz-new\miniprogram\miniprogram_npm\@vant\weapp\empty\index.wxs", "JavaScript", 0, 0, 10, 0, 0, 0, 1, 5, 16
"d:\User_program\bs\xyyz-new\miniprogram\miniprogram_npm\@vant\weapp\empty\index.wxss", "CSS", 0, 0, 0, 1, 0, 0, 0, 0, 1
"d:\User_program\bs\xyyz-new\miniprogram\miniprogram_npm\@vant\weapp\field\index.d.ts", "TypeScript", 0, 0, 0, 0, 0, 1, 0, 1, 2
"d:\User_program\bs\xyyz-new\miniprogram\miniprogram_npm\@vant\weapp\field\index.js", "JavaScript", 0, 0, 152, 0, 0, 0, 0, 1, 153
"d:\User_program\bs\xyyz-new\miniprogram\miniprogram_npm\@vant\weapp\field\index.json", "JSON", 0, 7, 0, 0, 0, 0, 0, 1, 8
"d:\User_program\bs\xyyz-new\miniprogram\miniprogram_npm\@vant\weapp\field\index.wxml", "wxml", 54, 0, 0, 0, 0, 0, 0, 3, 57
"d:\User_program\bs\xyyz-new\miniprogram\miniprogram_npm\@vant\weapp\field\index.wxs", "JavaScript", 0, 0, 14, 0, 0, 0, 1, 4, 19
"d:\User_program\bs\xyyz-new\miniprogram\miniprogram_npm\@vant\weapp\field\index.wxss", "CSS", 0, 0, 0, 1, 0, 0, 0, 0, 1
"d:\User_program\bs\xyyz-new\miniprogram\miniprogram_npm\@vant\weapp\field\input.wxml", "wxml", 31, 0, 0, 0, 0, 0, 0, 1, 32
"d:\User_program\bs\xyyz-new\miniprogram\miniprogram_npm\@vant\weapp\field\props.d.ts", "TypeScript", 0, 0, 0, 0, 0, 3, 1, 1, 5
"d:\User_program\bs\xyyz-new\miniprogram\miniprogram_npm\@vant\weapp\field\props.js", "JavaScript", 0, 0, 59, 0, 0, 0, 0, 1, 60
"d:\User_program\bs\xyyz-new\miniprogram\miniprogram_npm\@vant\weapp\field\textarea.wxml", "wxml", 32, 0, 0, 0, 0, 0, 0, 1, 33
"d:\User_program\bs\xyyz-new\miniprogram\miniprogram_npm\@vant\weapp\field\types.d.ts", "TypeScript", 0, 0, 0, 0, 0, 5, 3, 1, 9
"d:\User_program\bs\xyyz-new\miniprogram\miniprogram_npm\@vant\weapp\field\types.js", "JavaScript", 0, 0, 2, 0, 0, 0, 0, 1, 3
"d:\User_program\bs\xyyz-new\miniprogram\miniprogram_npm\@vant\weapp\goods-action-button\index.d.ts", "TypeScript", 0, 0, 0, 0, 0, 1, 0, 1, 2
"d:\User_program\bs\xyyz-new\miniprogram\miniprogram_npm\@vant\weapp\goods-action-button\index.js", "JavaScript", 0, 0, 46, 0, 0, 0, 0, 1, 47
"d:\User_program\bs\xyyz-new\miniprogram\miniprogram_npm\@vant\weapp\goods-action-button\index.json", "JSON", 0, 6, 0, 0, 0, 0, 0, 1, 7
"d:\User_program\bs\xyyz-new\miniprogram\miniprogram_npm\@vant\weapp\goods-action-button\index.wxml", "wxml", 35, 0, 0, 0, 0, 0, 0, 1, 36
"d:\User_program\bs\xyyz-new\miniprogram\miniprogram_npm\@vant\weapp\goods-action-button\index.wxss", "CSS", 0, 0, 0, 1, 0, 0, 0, 0, 1
"d:\User_program\bs\xyyz-new\miniprogram\miniprogram_npm\@vant\weapp\goods-action-icon\index.d.ts", "TypeScript", 0, 0, 0, 0, 0, 1, 0, 1, 2
"d:\User_program\bs\xyyz-new\miniprogram\miniprogram_npm\@vant\weapp\goods-action-icon\index.js", "JavaScript", 0, 0, 29, 0, 0, 0, 0, 1, 30
"d:\User_program\bs\xyyz-new\miniprogram\miniprogram_npm\@vant\weapp\goods-action-icon\index.json", "JSON", 0, 7, 0, 0, 0, 0, 0, 1, 8
"d:\User_program\bs\xyyz-new\miniprogram\miniprogram_npm\@vant\weapp\goods-action-icon\index.wxml", "wxml", 41, 0, 0, 0, 0, 0, 0, 1, 42
"d:\User_program\bs\xyyz-new\miniprogram\miniprogram_npm\@vant\weapp\goods-action-icon\index.wxss", "CSS", 0, 0, 0, 1, 0, 0, 0, 0, 1
"d:\User_program\bs\xyyz-new\miniprogram\miniprogram_npm\@vant\weapp\goods-action\index.d.ts", "TypeScript", 0, 0, 0, 0, 0, 1, 0, 1, 2
"d:\User_program\bs\xyyz-new\miniprogram\miniprogram_npm\@vant\weapp\goods-action\index.js", "JavaScript", 0, 0, 17, 0, 0, 0, 0, 1, 18
"d:\User_program\bs\xyyz-new\miniprogram\miniprogram_npm\@vant\weapp\goods-action\index.json", "JSON", 0, 3, 0, 0, 0, 0, 0, 1, 4
"d:\User_program\bs\xyyz-new\miniprogram\miniprogram_npm\@vant\weapp\goods-action\index.wxml", "wxml", 4, 0, 0, 0, 0, 0, 0, 2, 6
"d:\User_program\bs\xyyz-new\miniprogram\miniprogram_npm\@vant\weapp\goods-action\index.wxss", "CSS", 0, 0, 0, 1, 0, 0, 0, 0, 1
"d:\User_program\bs\xyyz-new\miniprogram\miniprogram_npm\@vant\weapp\grid-item\index.d.ts", "TypeScript", 0, 0, 0, 0, 0, 1, 0, 1, 2
"d:\User_program\bs\xyyz-new\miniprogram\miniprogram_npm\@vant\weapp\grid-item\index.js", "JavaScript", 0, 0, 54, 0, 0, 0, 0, 1, 55
"d:\User_program\bs\xyyz-new\miniprogram\miniprogram_npm\@vant\weapp\grid-item\index.json", "JSON", 0, 6, 0, 0, 0, 0, 0, 1, 7
"d:\User_program\bs\xyyz-new\miniprogram\miniprogram_npm\@vant\weapp\grid-item\index.wxml", "wxml", 26, 0, 0, 0, 0, 0, 0, 2, 28
"d:\User_program\bs\xyyz-new\miniprogram\miniprogram_npm\@vant\weapp\grid-item\index.wxs", "JavaScript", 0, 0, 27, 0, 0, 0, 1, 5, 33
"d:\User_program\bs\xyyz-new\miniprogram\miniprogram_npm\@vant\weapp\grid-item\index.wxss", "CSS", 0, 0, 0, 1, 0, 0, 0, 0, 1
"d:\User_program\bs\xyyz-new\miniprogram\miniprogram_npm\@vant\weapp\grid\index.d.ts", "TypeScript", 0, 0, 0, 0, 0, 1, 0, 1, 2
"d:\User_program\bs\xyyz-new\miniprogram\miniprogram_npm\@vant\weapp\grid\index.js", "JavaScript", 0, 0, 57, 0, 0, 0, 0, 1, 58
"d:\User_program\bs\xyyz-new\miniprogram\miniprogram_npm\@vant\weapp\grid\index.json", "JSON", 0, 3, 0, 0, 0, 0, 0, 1, 4
"d:\User_program\bs\xyyz-new\miniprogram\miniprogram_npm\@vant\weapp\grid\index.wxml", "wxml", 7, 0, 0, 0, 0, 0, 0, 2, 9
"d:\User_program\bs\xyyz-new\miniprogram\miniprogram_npm\@vant\weapp\grid\index.wxs", "JavaScript", 0, 0, 10, 0, 0, 0, 1, 3, 14
"d:\User_program\bs\xyyz-new\miniprogram\miniprogram_npm\@vant\weapp\grid\index.wxss", "CSS", 0, 0, 0, 1, 0, 0, 0, 0, 1
"d:\User_program\bs\xyyz-new\miniprogram\miniprogram_npm\@vant\weapp\icon\index.d.ts", "TypeScript", 0, 0, 0, 0, 0, 1, 0, 1, 2
"d:\User_program\bs\xyyz-new\miniprogram\miniprogram_npm\@vant\weapp\icon\index.js", "JavaScript", 0, 0, 23, 0, 0, 0, 0, 1, 24
"d:\User_program\bs\xyyz-new\miniprogram\miniprogram_npm\@vant\weapp\icon\index.json", "JSON", 0, 6, 0, 0, 0, 0, 0, 1, 7
"d:\User_program\bs\xyyz-new\miniprogram\miniprogram_npm\@vant\weapp\icon\index.wxml", "wxml", 19, 0, 0, 0, 0, 0, 0, 2, 21
"d:\User_program\bs\xyyz-new\miniprogram\miniprogram_npm\@vant\weapp\icon\index.wxs", "JavaScript", 0, 0, 34, 0, 0, 0, 1, 9, 44
"d:\User_program\bs\xyyz-new\miniprogram\miniprogram_npm\@vant\weapp\icon\index.wxss", "CSS", 0, 0, 0, 1, 0, 0, 0, 0, 1
"d:\User_program\bs\xyyz-new\miniprogram\miniprogram_npm\@vant\weapp\image\index.d.ts", "TypeScript", 0, 0, 0, 0, 0, 1, 0, 1, 2
"d:\User_program\bs\xyyz-new\miniprogram\miniprogram_npm\@vant\weapp\image\index.js", "JavaScript", 0, 0, 66, 0, 0, 0, 0, 1, 67
"d:\User_program\bs\xyyz-new\miniprogram\miniprogram_npm\@vant\weapp\image\index.json", "JSON", 0, 7, 0, 0, 0, 0, 0, 1, 8
"d:\User_program\bs\xyyz-new\miniprogram\miniprogram_npm\@vant\weapp\image\index.wxml", "wxml", 33, 0, 0, 0, 0, 0, 0, 3, 36
"d:\User_program\bs\xyyz-new\miniprogram\miniprogram_npm\@vant\weapp\image\index.wxs", "JavaScript", 0, 0, 27, 0, 0, 0, 1, 5, 33
"d:\User_program\bs\xyyz-new\miniprogram\miniprogram_npm\@vant\weapp\image\index.wxss", "CSS", 0, 0, 0, 1, 0, 0, 0, 0, 1
"d:\User_program\bs\xyyz-new\miniprogram\miniprogram_npm\@vant\weapp\index-anchor\index.d.ts", "TypeScript", 0, 0, 0, 0, 0, 1, 0, 1, 2
"d:\User_program\bs\xyyz-new\miniprogram\miniprogram_npm\@vant\weapp\index-anchor\index.js", "JavaScript", 0, 0, 28, 0, 0, 0, 0, 1, 29
"d:\User_program\bs\xyyz-new\miniprogram\miniprogram_npm\@vant\weapp\index-anchor\index.json", "JSON", 0, 3, 0, 0, 0, 0, 0, 1, 4
"d:\User_program\bs\xyyz-new\miniprogram\miniprogram_npm\@vant\weapp\index-anchor\index.wxml", "wxml", 14, 0, 0, 0, 0, 0, 0, 1, 15
"d:\User_program\bs\xyyz-new\miniprogram\miniprogram_npm\@vant\weapp\index-anchor\index.wxss", "CSS", 0, 0, 0, 1, 0, 0, 0, 0, 1
"d:\User_program\bs\xyyz-new\miniprogram\miniprogram_npm\@vant\weapp\index-bar\index.d.ts", "TypeScript", 0, 0, 0, 0, 0, 1, 0, 1, 2
"d:\User_program\bs\xyyz-new\miniprogram\miniprogram_npm\@vant\weapp\index-bar\index.js", "JavaScript", 0, 0, 243, 0, 0, 0, 0, 1, 244
"d:\User_program\bs\xyyz-new\miniprogram\miniprogram_npm\@vant\weapp\index-bar\index.json", "JSON", 0, 3, 0, 0, 0, 0, 0, 1, 4
"d:\User_program\bs\xyyz-new\miniprogram\miniprogram_npm\@vant\weapp\index-bar\index.wxml", "wxml", 21, 0, 0, 0, 0, 0, 0, 2, 23
"d:\User_program\bs\xyyz-new\miniprogram\miniprogram_npm\@vant\weapp\index-bar\index.wxss", "CSS", 0, 0, 0, 1, 0, 0, 0, 0, 1
"d:\User_program\bs\xyyz-new\miniprogram\miniprogram_npm\@vant\weapp\info\index.d.ts", "TypeScript", 0, 0, 0, 0, 0, 1, 0, 1, 2
"d:\User_program\bs\xyyz-new\miniprogram\miniprogram_npm\@vant\weapp\info\index.js", "JavaScript", 0, 0, 10, 0, 0, 0, 0, 1, 11
"d:\User_program\bs\xyyz-new\miniprogram\miniprogram_npm\@vant\weapp\info\index.json", "JSON", 0, 3, 0, 0, 0, 0, 0, 1, 4
"d:\User_program\bs\xyyz-new\miniprogram\miniprogram_npm\@vant\weapp\info\index.wxml", "wxml", 6, 0, 0, 0, 0, 0, 0, 2, 8
"d:\User_program\bs\xyyz-new\miniprogram\miniprogram_npm\@vant\weapp\info\index.wxss", "CSS", 0, 0, 0, 1, 0, 0, 0, 0, 1
"d:\User_program\bs\xyyz-new\miniprogram\miniprogram_npm\@vant\weapp\loading\index.d.ts", "TypeScript", 0, 0, 0, 0, 0, 1, 0, 1, 2
"d:\User_program\bs\xyyz-new\miniprogram\miniprogram_npm\@vant\weapp\loading\index.js", "JavaScript", 0, 0, 18, 0, 0, 0, 0, 1, 19
"d:\User_program\bs\xyyz-new\miniprogram\miniprogram_npm\@vant\weapp\loading\index.json", "JSON", 0, 3, 0, 0, 0, 0, 0, 1, 4
"d:\User_program\bs\xyyz-new\miniprogram\miniprogram_npm\@vant\weapp\loading\index.wxml", "wxml", 18, 0, 0, 0, 0, 0, 0, 2, 20
"d:\User_program\bs\xyyz-new\miniprogram\miniprogram_npm\@vant\weapp\loading\index.wxs", "JavaScript", 0, 0, 18, 0, 0, 0, 1, 4, 23
"d:\User_program\bs\xyyz-new\miniprogram\miniprogram_npm\@vant\weapp\loading\index.wxss", "CSS", 0, 0, 0, 1, 0, 0, 0, 0, 1
"d:\User_program\bs\xyyz-new\miniprogram\miniprogram_npm\@vant\weapp\mixins\basic.d.ts", "TypeScript", 0, 0, 0, 0, 0, 1, 0, 1, 2
"d:\User_program\bs\xyyz-new\miniprogram\miniprogram_npm\@vant\weapp\mixins\basic.js", "JavaScript", 0, 0, 29, 0, 0, 0, 1, 1, 31
"d:\User_program\bs\xyyz-new\miniprogram\miniprogram_npm\@vant\weapp\mixins\button.d.ts", "TypeScript", 0, 0, 0, 0, 0, 1, 0, 1, 2
"d:\User_program\bs\xyyz-new\miniprogram\miniprogram_npm\@vant\weapp\mixins\button.js", "JavaScript", 0, 0, 54, 0, 0, 0, 0, 1, 55
"d:\User_program\bs\xyyz-new\miniprogram\miniprogram_npm\@vant\weapp\mixins\link.d.ts", "TypeScript", 0, 0, 0, 0, 0, 1, 0, 1, 2
"d:\User_program\bs\xyyz-new\miniprogram\miniprogram_npm\@vant\weapp\mixins\link.js", "JavaScript", 0, 0, 27, 0, 0, 0, 0, 1, 28
"d:\User_program\bs\xyyz-new\miniprogram\miniprogram_npm\@vant\weapp\mixins\page-scroll.d.ts", "TypeScript", 0, 0, 0, 0, 0, 4, 2, 1, 7
"d:\User_program\bs\xyyz-new\miniprogram\miniprogram_npm\@vant\weapp\mixins\page-scroll.js", "JavaScript", 0, 0, 46, 0, 0, 0, 1, 1, 48
"d:\User_program\bs\xyyz-new\miniprogram\miniprogram_npm\@vant\weapp\mixins\touch.d.ts", "TypeScript", 0, 0, 0, 0, 0, 1, 0, 1, 2
"d:\User_program\bs\xyyz-new\miniprogram\miniprogram_npm\@vant\weapp\mixins\touch.js", "JavaScript", 0, 0, 39, 0, 0, 0, 1, 1, 41
"d:\User_program\bs\xyyz-new\miniprogram\miniprogram_npm\@vant\weapp\mixins\transition.d.ts", "TypeScript", 0, 0, 0, 0, 0, 1, 0, 1, 2
"d:\User_program\bs\xyyz-new\miniprogram\miniprogram_npm\@vant\weapp\mixins\transition.js", "JavaScript", 0, 0, 141, 0, 0, 0, 3, 1, 145
"d:\User_program\bs\xyyz-new\miniprogram\miniprogram_npm\@vant\weapp\nav-bar\index.d.ts", "TypeScript", 0, 0, 0, 0, 0, 1, 0, 1, 2
"d:\User_program\bs\xyyz-new\miniprogram\miniprogram_npm\@vant\weapp\nav-bar\index.js", "JavaScript", 0, 0, 68, 0, 0, 0, 0, 1, 69
"d:\User_program\bs\xyyz-new\miniprogram\miniprogram_npm\@vant\weapp\nav-bar\index.json", "JSON", 0, 6, 0, 0, 0, 0, 0, 1, 7
"d:\User_program\bs\xyyz-new\miniprogram\miniprogram_npm\@vant\weapp\nav-bar\index.wxml", "wxml", 40, 0, 0, 0, 0, 0, 0, 3, 43
"d:\User_program\bs\xyyz-new\miniprogram\miniprogram_npm\@vant\weapp\nav-bar\index.wxs", "JavaScript", 0, 0, 10, 0, 0, 0, 1, 3, 14
"d:\User_program\bs\xyyz-new\miniprogram\miniprogram_npm\@vant\weapp\nav-bar\index.wxss", "CSS", 0, 0, 0, 1, 0, 0, 0, 0, 1
"d:\User_program\bs\xyyz-new\miniprogram\miniprogram_npm\@vant\weapp\notice-bar\index.d.ts", "TypeScript", 0, 0, 0, 0, 0, 1, 0, 1, 2
"d:\User_program\bs\xyyz-new\miniprogram\miniprogram_npm\@vant\weapp\notice-bar\index.js", "JavaScript", 0, 0, 130, 0, 0, 0, 2, 1, 133
"d:\User_program\bs\xyyz-new\miniprogram\miniprogram_npm\@vant\weapp\notice-bar\index.json", "JSON", 0, 6, 0, 0, 0, 0, 0, 1, 7
"d:\User_program\bs\xyyz-new\miniprogram\miniprogram_npm\@vant\weapp\notice-bar\index.wxml", "wxml", 35, 0, 0, 0, 0, 0, 0, 4, 39
"d:\User_program\bs\xyyz-new\miniprogram\miniprogram_npm\@vant\weapp\notice-bar\index.wxs", "JavaScript", 0, 0, 12, 0, 0, 0, 1, 3, 16
"d:\User_program\bs\xyyz-new\miniprogram\miniprogram_npm\@vant\weapp\notice-bar\index.wxss", "CSS", 0, 0, 0, 1, 0, 0, 0, 0, 1
"d:\User_program\bs\xyyz-new\miniprogram\miniprogram_npm\@vant\weapp\notify\index.d.ts", "TypeScript", 0, 0, 0, 0, 0, 1, 0, 1, 2
"d:\User_program\bs\xyyz-new\miniprogram\miniprogram_npm\@vant\weapp\notify\index.js", "JavaScript", 0, 0, 68, 0, 0, 0, 0, 1, 69
"d:\User_program\bs\xyyz-new\miniprogram\miniprogram_npm\@vant\weapp\notify\index.json", "JSON", 0, 6, 0, 0, 0, 0, 0, 1, 7
"d:\User_program\bs\xyyz-new\miniprogram\miniprogram_npm\@vant\weapp\notify\index.wxml", "wxml", 20, 0, 0, 0, 0, 0, 0, 2, 22
"d:\User_program\bs\xyyz-new\miniprogram\miniprogram_npm\@vant\weapp\notify\index.wxs", "JavaScript", 0, 0, 18, 0, 0, 0, 1, 4, 23
"d:\User_program\bs\xyyz-new\miniprogram\miniprogram_npm\@vant\weapp\notify\index.wxss", "CSS", 0, 0, 0, 1, 0, 0, 0, 0, 1
"d:\User_program\bs\xyyz-new\miniprogram\miniprogram_npm\@vant\weapp\notify\notify.d.ts", "TypeScript", 0, 0, 0, 0, 0, 22, 0, 1, 23
"d:\User_program\bs\xyyz-new\miniprogram\miniprogram_npm\@vant\weapp\notify\notify.js", "JavaScript", 0, 0, 67, 0, 0, 0, 0, 1, 68
"d:\User_program\bs\xyyz-new\miniprogram\miniprogram_npm\@vant\weapp\overlay\index.d.ts", "TypeScript", 0, 0, 0, 0, 0, 1, 0, 1, 2
"d:\User_program\bs\xyyz-new\miniprogram\miniprogram_npm\@vant\weapp\overlay\index.js", "JavaScript", 0, 0, 31, 0, 0, 0, 1, 1, 33
"d:\User_program\bs\xyyz-new\miniprogram\miniprogram_npm\@vant\weapp\overlay\index.json", "JSON", 0, 6, 0, 0, 0, 0, 0, 1, 7
"d:\User_program\bs\xyyz-new\miniprogram\miniprogram_npm\@vant\weapp\overlay\index.wxml", "wxml", 5, 0, 0, 0, 0, 0, 0, 3, 8
"d:\User_program\bs\xyyz-new\miniprogram\miniprogram_npm\@vant\weapp\overlay\index.wxss", "CSS", 0, 0, 0, 1, 0, 0, 0, 0, 1
"d:\User_program\bs\xyyz-new\miniprogram\miniprogram_npm\@vant\weapp\overlay\overlay.wxml", "wxml", 10, 0, 0, 0, 0, 0, 0, 0, 10
"d:\User_program\bs\xyyz-new\miniprogram\miniprogram_npm\@vant\weapp\panel\index.d.ts", "TypeScript", 0, 0, 0, 0, 0, 1, 0, 1, 2
"d:\User_program\bs\xyyz-new\miniprogram\miniprogram_npm\@vant\weapp\panel\index.js", "JavaScript", 0, 0, 11, 0, 0, 0, 0, 1, 12
"d:\User_program\bs\xyyz-new\miniprogram\miniprogram_npm\@vant\weapp\panel\index.json", "JSON", 0, 6, 0, 0, 0, 0, 0, 1, 7
"d:\User_program\bs\xyyz-new\miniprogram\miniprogram_npm\@vant\weapp\panel\index.wxml", "wxml", 17, 0, 0, 0, 0, 0, 0, 3, 20
"d:\User_program\bs\xyyz-new\miniprogram\miniprogram_npm\@vant\weapp\panel\index.wxss", "CSS", 0, 0, 0, 1, 0, 0, 0, 0, 1
"d:\User_program\bs\xyyz-new\miniprogram\miniprogram_npm\@vant\weapp\picker-column\index.d.ts", "TypeScript", 0, 0, 0, 0, 0, 1, 0, 1, 2
"d:\User_program\bs\xyyz-new\miniprogram\miniprogram_npm\@vant\weapp\picker-column\index.js", "JavaScript", 0, 0, 122, 0, 0, 0, 0, 1, 123
"d:\User_program\bs\xyyz-new\miniprogram\miniprogram_npm\@vant\weapp\picker-column\index.json", "JSON", 0, 3, 0, 0, 0, 0, 0, 1, 4
"d:\User_program\bs\xyyz-new\miniprogram\miniprogram_npm\@vant\weapp\picker-column\index.wxml", "wxml", 22, 0, 0, 0, 0, 0, 0, 2, 24
"d:\User_program\bs\xyyz-new\miniprogram\miniprogram_npm\@vant\weapp\picker-column\index.wxs", "JavaScript", 0, 0, 29, 0, 0, 0, 1, 7, 37
"d:\User_program\bs\xyyz-new\miniprogram\miniprogram_npm\@vant\weapp\picker-column\index.wxss", "CSS", 0, 0, 0, 1, 0, 0, 0, 0, 1
"d:\User_program\bs\xyyz-new\miniprogram\miniprogram_npm\@vant\weapp\picker\index.d.ts", "TypeScript", 0, 0, 0, 0, 0, 1, 0, 1, 2
"d:\User_program\bs\xyyz-new\miniprogram\miniprogram_npm\@vant\weapp\picker\index.js", "JavaScript", 0, 0, 150, 0, 0, 0, 11, 1, 162
"d:\User_program\bs\xyyz-new\miniprogram\miniprogram_npm\@vant\weapp\picker\index.json", "JSON", 0, 7, 0, 0, 0, 0, 0, 1, 8
"d:\User_program\bs\xyyz-new\miniprogram\miniprogram_npm\@vant\weapp\picker\index.wxml", "wxml", 33, 0, 0, 0, 0, 0, 0, 5, 38
"d:\User_program\bs\xyyz-new\miniprogram\miniprogram_npm\@vant\weapp\picker\index.wxs", "JavaScript", 0, 0, 34, 0, 0, 0, 1, 8, 43
"d:\User_program\bs\xyyz-new\miniprogram\miniprogram_npm\@vant\weapp\picker\index.wxss", "CSS", 0, 0, 0, 1, 0, 0, 0, 0, 1
"d:\User_program\bs\xyyz-new\miniprogram\miniprogram_npm\@vant\weapp\picker\shared.d.ts", "TypeScript", 0, 0, 0, 0, 0, 21, 0, 1, 22
"d:\User_program\bs\xyyz-new\miniprogram\miniprogram_npm\@vant\weapp\picker\shared.js", "JavaScript", 0, 0, 24, 0, 0, 0, 0, 1, 25
"d:\User_program\bs\xyyz-new\miniprogram\miniprogram_npm\@vant\weapp\picker\toolbar.wxml", "wxml", 23, 0, 0, 0, 0, 0, 0, 1, 24
"d:\User_program\bs\xyyz-new\miniprogram\miniprogram_npm\@vant\weapp\popup\index.d.ts", "TypeScript", 0, 0, 0, 0, 0, 1, 0, 1, 2
"d:\User_program\bs\xyyz-new\miniprogram\miniprogram_npm\@vant\weapp\popup\index.js", "JavaScript", 0, 0, 99, 0, 0, 0, 0, 1, 100
"d:\User_program\bs\xyyz-new\miniprogram\miniprogram_npm\@vant\weapp\popup\index.json", "JSON", 0, 7, 0, 0, 0, 0, 0, 1, 8
"d:\User_program\bs\xyyz-new\miniprogram\miniprogram_npm\@vant\weapp\popup\index.wxml", "wxml", 17, 0, 0, 0, 0, 0, 0, 5, 22
"d:\User_program\bs\xyyz-new\miniprogram\miniprogram_npm\@vant\weapp\popup\index.wxs", "JavaScript", 0, 0, 15, 0, 0, 0, 1, 3, 19
"d:\User_program\bs\xyyz-new\miniprogram\miniprogram_npm\@vant\weapp\popup\index.wxss", "CSS", 0, 0, 0, 1, 0, 0, 0, 0, 1
"d:\User_program\bs\xyyz-new\miniprogram\miniprogram_npm\@vant\weapp\popup\popup.wxml", "wxml", 16, 0, 0, 0, 0, 0, 0, 1, 17
"d:\User_program\bs\xyyz-new\miniprogram\miniprogram_npm\@vant\weapp\progress\index.d.ts", "TypeScript", 0, 0, 0, 0, 0, 1, 0, 1, 2
"d:\User_program\bs\xyyz-new\miniprogram\miniprogram_npm\@vant\weapp\progress\index.js", "JavaScript", 0, 0, 55, 0, 0, 0, 0, 1, 56
"d:\User_program\bs\xyyz-new\miniprogram\miniprogram_npm\@vant\weapp\progress\index.json", "JSON", 0, 3, 0, 0, 0, 0, 0, 1, 4
"d:\User_program\bs\xyyz-new\miniprogram\miniprogram_npm\@vant\weapp\progress\index.wxml", "wxml", 19, 0, 0, 0, 0, 0, 0, 2, 21
"d:\User_program\bs\xyyz-new\miniprogram\miniprogram_npm\@vant\weapp\progress\index.wxs", "JavaScript", 0, 0, 30, 0, 0, 0, 1, 6, 37
"d:\User_program\bs\xyyz-new\miniprogram\miniprogram_npm\@vant\weapp\progress\index.wxss", "CSS", 0, 0, 0, 1, 0, 0, 0, 0, 1
"d:\User_program\bs\xyyz-new\miniprogram\miniprogram_npm\@vant\weapp\radio-group\index.d.ts", "TypeScript", 0, 0, 0, 0, 0, 1, 0, 1, 2
"d:\User_program\bs\xyyz-new\miniprogram\miniprogram_npm\@vant\weapp\radio-group\index.js", "JavaScript", 0, 0, 24, 0, 0, 0, 0, 1, 25
"d:\User_program\bs\xyyz-new\miniprogram\miniprogram_npm\@vant\weapp\radio-group\index.json", "JSON", 0, 3, 0, 0, 0, 0, 0, 1, 4
"d:\User_program\bs\xyyz-new\miniprogram\miniprogram_npm\@vant\weapp\radio-group\index.wxml", "wxml", 4, 0, 0, 0, 0, 0, 0, 2, 6
"d:\User_program\bs\xyyz-new\miniprogram\miniprogram_npm\@vant\weapp\radio-group\index.wxss", "CSS", 0, 0, 0, 1, 0, 0, 0, 0, 1
"d:\User_program\bs\xyyz-new\miniprogram\miniprogram_npm\@vant\weapp\radio\index.d.ts", "TypeScript", 0, 0, 0, 0, 0, 1, 0, 1, 2
"d:\User_program\bs\xyyz-new\miniprogram\miniprogram_npm\@vant\weapp\radio\index.js", "JavaScript", 0, 0, 68, 0, 0, 0, 0, 1, 69
"d:\User_program\bs\xyyz-new\miniprogram\miniprogram_npm\@vant\weapp\radio\index.json", "JSON", 0, 6, 0, 0, 0, 0, 0, 1, 7
"d:\User_program\bs\xyyz-new\miniprogram\miniprogram_npm\@vant\weapp\radio\index.wxml", "wxml", 29, 0, 0, 0, 0, 0, 0, 2, 31
"d:\User_program\bs\xyyz-new\miniprogram\miniprogram_npm\@vant\weapp\radio\index.wxs", "JavaScript", 0, 0, 27, 0, 0, 0, 1, 6, 34
"d:\User_program\bs\xyyz-new\miniprogram\miniprogram_npm\@vant\weapp\radio\index.wxss", "CSS", 0, 0, 0, 1, 0, 0, 0, 0, 1
"d:\User_program\bs\xyyz-new\miniprogram\miniprogram_npm\@vant\weapp\rate\index.d.ts", "TypeScript", 0, 0, 0, 0, 0, 1, 0, 1, 2
"d:\User_program\bs\xyyz-new\miniprogram\miniprogram_npm\@vant\weapp\rate\index.js", "JavaScript", 0, 0, 93, 0, 0, 0, 0, 1, 94
"d:\User_program\bs\xyyz-new\miniprogram\miniprogram_npm\@vant\weapp\rate\index.json", "JSON", 0, 6, 0, 0, 0, 0, 0, 1, 7
"d:\User_program\bs\xyyz-new\miniprogram\miniprogram_npm\@vant\weapp\rate\index.wxml", "wxml", 33, 0, 0, 0, 0, 0, 0, 3, 36
"d:\User_program\bs\xyyz-new\miniprogram\miniprogram_npm\@vant\weapp\rate\index.wxss", "CSS", 0, 0, 0, 1, 0, 0, 0, 0, 1
"d:\User_program\bs\xyyz-new\miniprogram\miniprogram_npm\@vant\weapp\row\index.d.ts", "TypeScript", 0, 0, 0, 0, 0, 1, 0, 1, 2
"d:\User_program\bs\xyyz-new\miniprogram\miniprogram_npm\@vant\weapp\row\index.js", "JavaScript", 0, 0, 26, 0, 0, 0, 0, 1, 27
"d:\User_program\bs\xyyz-new\miniprogram\miniprogram_npm\@vant\weapp\row\index.json", "JSON", 0, 3, 0, 0, 0, 0, 0, 1, 4
"d:\User_program\bs\xyyz-new\miniprogram\miniprogram_npm\@vant\weapp\row\index.wxml", "wxml", 4, 0, 0, 0, 0, 0, 0, 2, 6
"d:\User_program\bs\xyyz-new\miniprogram\miniprogram_npm\@vant\weapp\row\index.wxs", "JavaScript", 0, 0, 14, 0, 0, 0, 1, 4, 19
"d:\User_program\bs\xyyz-new\miniprogram\miniprogram_npm\@vant\weapp\row\index.wxss", "CSS", 0, 0, 0, 1, 0, 0, 0, 0, 1
"d:\User_program\bs\xyyz-new\miniprogram\miniprogram_npm\@vant\weapp\search\index.d.ts", "TypeScript", 0, 0, 0, 0, 0, 1, 0, 1, 2
"d:\User_program\bs\xyyz-new\miniprogram\miniprogram_npm\@vant\weapp\search\index.js", "JavaScript", 0, 0, 96, 0, 0, 0, 4, 1, 101
"d:\User_program\bs\xyyz-new\miniprogram\miniprogram_npm\@vant\weapp\search\index.json", "JSON", 0, 6, 0, 0, 0, 0, 0, 1, 7
"d:\User_program\bs\xyyz-new\miniprogram\miniprogram_npm\@vant\weapp\search\index.wxml", "wxml", 51, 0, 0, 0, 0, 0, 0, 4, 55
"d:\User_program\bs\xyyz-new\miniprogram\miniprogram_npm\@vant\weapp\search\index.wxss", "CSS", 0, 0, 0, 1, 0, 0, 0, 0, 1
"d:\User_program\bs\xyyz-new\miniprogram\miniprogram_npm\@vant\weapp\share-sheet\index.d.ts", "TypeScript", 0, 0, 0, 0, 0, 1, 0, 1, 2
"d:\User_program\bs\xyyz-new\miniprogram\miniprogram_npm\@vant\weapp\share-sheet\index.js", "JavaScript", 0, 0, 58, 0, 0, 0, 3, 1, 62
"d:\User_program\bs\xyyz-new\miniprogram\miniprogram_npm\@vant\weapp\share-sheet\index.json", "JSON", 0, 7, 0, 0, 0, 0, 0, 1, 8
"d:\User_program\bs\xyyz-new\miniprogram\miniprogram_npm\@vant\weapp\share-sheet\index.wxml", "wxml", 42, 0, 0, 0, 0, 0, 0, 6, 48
"d:\User_program\bs\xyyz-new\miniprogram\miniprogram_npm\@vant\weapp\share-sheet\index.wxs", "JavaScript", 0, 0, 9, 0, 0, 0, 1, 3, 13
"d:\User_program\bs\xyyz-new\miniprogram\miniprogram_npm\@vant\weapp\share-sheet\index.wxss", "CSS", 0, 0, 0, 1, 0, 0, 0, 0, 1
"d:\User_program\bs\xyyz-new\miniprogram\miniprogram_npm\@vant\weapp\share-sheet\options.d.ts", "TypeScript", 0, 0, 0, 0, 0, 1, 0, 1, 2
"d:\User_program\bs\xyyz-new\miniprogram\miniprogram_npm\@vant\weapp\share-sheet\options.js", "JavaScript", 0, 0, 27, 0, 0, 0, 0, 1, 28
"d:\User_program\bs\xyyz-new\miniprogram\miniprogram_npm\@vant\weapp\share-sheet\options.json", "JSON", 0, 3, 0, 0, 0, 0, 0, 1, 4
"d:\User_program\bs\xyyz-new\miniprogram\miniprogram_npm\@vant\weapp\share-sheet\options.wxml", "wxml", 19, 0, 0, 0, 0, 0, 0, 2, 21
"d:\User_program\bs\xyyz-new\miniprogram\miniprogram_npm\@vant\weapp\share-sheet\options.wxs", "JavaScript", 0, 0, 10, 0, 0, 0, 1, 4, 15
"d:\User_program\bs\xyyz-new\miniprogram\miniprogram_npm\@vant\weapp\share-sheet\options.wxss", "CSS", 0, 0, 0, 1, 0, 0, 0, 0, 1
"d:\User_program\bs\xyyz-new\miniprogram\miniprogram_npm\@vant\weapp\sidebar-item\index.d.ts", "TypeScript", 0, 0, 0, 0, 0, 1, 0, 1, 2
"d:\User_program\bs\xyyz-new\miniprogram\miniprogram_npm\@vant\weapp\sidebar-item\index.js", "JavaScript", 0, 0, 32, 0, 0, 0, 0, 1, 33
"d:\User_program\bs\xyyz-new\miniprogram\miniprogram_npm\@vant\weapp\sidebar-item\index.json", "JSON", 0, 6, 0, 0, 0, 0, 0, 1, 7
"d:\User_program\bs\xyyz-new\miniprogram\miniprogram_npm\@vant\weapp\sidebar-item\index.wxml", "wxml", 17, 0, 0, 0, 0, 0, 0, 2, 19
"d:\User_program\bs\xyyz-new\miniprogram\miniprogram_npm\@vant\weapp\sidebar-item\index.wxss", "CSS", 0, 0, 0, 1, 0, 0, 0, 0, 1
"d:\User_program\bs\xyyz-new\miniprogram\miniprogram_npm\@vant\weapp\sidebar\index.d.ts", "TypeScript", 0, 0, 0, 0, 0, 1, 0, 1, 2
"d:\User_program\bs\xyyz-new\miniprogram\miniprogram_npm\@vant\weapp\sidebar\index.js", "JavaScript", 0, 0, 36, 0, 0, 0, 0, 1, 37
"d:\User_program\bs\xyyz-new\miniprogram\miniprogram_npm\@vant\weapp\sidebar\index.json", "JSON", 0, 3, 0, 0, 0, 0, 0, 1, 4
"d:\User_program\bs\xyyz-new\miniprogram\miniprogram_npm\@vant\weapp\sidebar\index.wxml", "wxml", 3, 0, 0, 0, 0, 0, 0, 1, 4
"d:\User_program\bs\xyyz-new\miniprogram\miniprogram_npm\@vant\weapp\sidebar\index.wxss", "CSS", 0, 0, 0, 1, 0, 0, 0, 0, 1
"d:\User_program\bs\xyyz-new\miniprogram\miniprogram_npm\@vant\weapp\skeleton\index.d.ts", "TypeScript", 0, 0, 0, 0, 0, 1, 0, 1, 2
"d:\User_program\bs\xyyz-new\miniprogram\miniprogram_npm\@vant\weapp\skeleton\index.js", "JavaScript", 0, 0, 48, 0, 0, 0, 0, 1, 49
"d:\User_program\bs\xyyz-new\miniprogram\miniprogram_npm\@vant\weapp\skeleton\index.json", "JSON", 0, 4, 0, 0, 0, 0, 0, 1, 5
"d:\User_program\bs\xyyz-new\miniprogram\miniprogram_npm\@vant\weapp\skeleton\index.wxml", "wxml", 28, 0, 0, 0, 0, 0, 0, 2, 30
"d:\User_program\bs\xyyz-new\miniprogram\miniprogram_npm\@vant\weapp\skeleton\index.wxss", "CSS", 0, 0, 0, 1, 0, 0, 0, 0, 1
"d:\User_program\bs\xyyz-new\miniprogram\miniprogram_npm\@vant\weapp\slider\index.d.ts", "TypeScript", 0, 0, 0, 0, 0, 1, 0, 1, 2
"d:\User_program\bs\xyyz-new\miniprogram\miniprogram_npm\@vant\weapp\slider\index.js", "JavaScript", 0, 0, 203, 0, 0, 0, 3, 1, 207
"d:\User_program\bs\xyyz-new\miniprogram\miniprogram_npm\@vant\weapp\slider\index.json", "JSON", 0, 3, 0, 0, 0, 0, 0, 1, 4
"d:\User_program\bs\xyyz-new\miniprogram\miniprogram_npm\@vant\weapp\slider\index.wxml", "wxml", 66, 0, 0, 0, 0, 0, 0, 3, 69
"d:\User_program\bs\xyyz-new\miniprogram\miniprogram_npm\@vant\weapp\slider\index.wxs", "JavaScript", 0, 0, 11, 0, 0, 0, 1, 3, 15
"d:\User_program\bs\xyyz-new\miniprogram\miniprogram_npm\@vant\weapp\slider\index.wxss", "CSS", 0, 0, 0, 1, 0, 0, 0, 0, 1
"d:\User_program\bs\xyyz-new\miniprogram\miniprogram_npm\@vant\weapp\stepper\index.d.ts", "TypeScript", 0, 0, 0, 0, 0, 1, 0, 1, 2
"d:\User_program\bs\xyyz-new\miniprogram\miniprogram_npm\@vant\weapp\stepper\index.js", "JavaScript", 0, 0, 192, 0, 0, 0, 7, 1, 200
"d:\User_program\bs\xyyz-new\miniprogram\miniprogram_npm\@vant\weapp\stepper\index.json", "JSON", 0, 3, 0, 0, 0, 0, 0, 1, 4
"d:\User_program\bs\xyyz-new\miniprogram\miniprogram_npm\@vant\weapp\stepper\index.wxml", "wxml", 42, 0, 0, 0, 0, 0, 0, 2, 44
"d:\User_program\bs\xyyz-new\miniprogram\miniprogram_npm\@vant\weapp\stepper\index.wxs", "JavaScript", 0, 0, 18, 0, 0, 0, 1, 4, 23
"d:\User_program\bs\xyyz-new\miniprogram\miniprogram_npm\@vant\weapp\stepper\index.wxss", "CSS", 0, 0, 0, 1, 0, 0, 0, 0, 1
"d:\User_program\bs\xyyz-new\miniprogram\miniprogram_npm\@vant\weapp\steps\index.d.ts", "TypeScript", 0, 0, 0, 0, 0, 1, 0, 1, 2
"d:\User_program\bs\xyyz-new\miniprogram\miniprogram_npm\@vant\weapp\steps\index.js", "JavaScript", 0, 0, 35, 0, 0, 0, 0, 1, 36
"d:\User_program\bs\xyyz-new\miniprogram\miniprogram_npm\@vant\weapp\steps\index.json", "JSON", 0, 6, 0, 0, 0, 0, 0, 1, 7
"d:\User_program\bs\xyyz-new\miniprogram\miniprogram_npm\@vant\weapp\steps\index.wxml", "wxml", 49, 0, 0, 0, 0, 0, 0, 6, 55
"d:\User_program\bs\xyyz-new\miniprogram\miniprogram_npm\@vant\weapp\steps\index.wxss", "CSS", 0, 0, 0, 1, 0, 0, 0, 0, 1
"d:\User_program\bs\xyyz-new\miniprogram\miniprogram_npm\@vant\weapp\sticky\index.d.ts", "TypeScript", 0, 0, 0, 0, 0, 1, 0, 1, 2
"d:\User_program\bs\xyyz-new\miniprogram\miniprogram_npm\@vant\weapp\sticky\index.js", "JavaScript", 0, 0, 126, 0, 0, 0, 0, 1, 127
"d:\User_program\bs\xyyz-new\miniprogram\miniprogram_npm\@vant\weapp\sticky\index.json", "JSON", 0, 3, 0, 0, 0, 0, 0, 1, 4
"d:\User_program\bs\xyyz-new\miniprogram\miniprogram_npm\@vant\weapp\sticky\index.wxml", "wxml", 7, 0, 0, 0, 0, 0, 0, 2, 9
"d:\User_program\bs\xyyz-new\miniprogram\miniprogram_npm\@vant\weapp\sticky\index.wxs", "JavaScript", 0, 0, 21, 0, 0, 0, 1, 4, 26
"d:\User_program\bs\xyyz-new\miniprogram\miniprogram_npm\@vant\weapp\sticky\index.wxss", "CSS", 0, 0, 0, 1, 0, 0, 0, 0, 1
"d:\User_program\bs\xyyz-new\miniprogram\miniprogram_npm\@vant\weapp\submit-bar\index.d.ts", "TypeScript", 0, 0, 0, 0, 0, 1, 0, 1, 2
"d:\User_program\bs\xyyz-new\miniprogram\miniprogram_npm\@vant\weapp\submit-bar\index.js", "JavaScript", 0, 0, 58, 0, 0, 0, 0, 1, 59
"d:\User_program\bs\xyyz-new\miniprogram\miniprogram_npm\@vant\weapp\submit-bar\index.json", "JSON", 0, 7, 0, 0, 0, 0, 0, 1, 8
"d:\User_program\bs\xyyz-new\miniprogram\miniprogram_npm\@vant\weapp\submit-bar\index.wxml", "wxml", 40, 0, 0, 0, 0, 0, 0, 5, 45
"d:\User_program\bs\xyyz-new\miniprogram\miniprogram_npm\@vant\weapp\submit-bar\index.wxss", "CSS", 0, 0, 0, 1, 0, 0, 0, 0, 1
"d:\User_program\bs\xyyz-new\miniprogram\miniprogram_npm\@vant\weapp\swipe-cell\index.d.ts", "TypeScript", 0, 0, 0, 0, 0, 1, 0, 1, 2
"d:\User_program\bs\xyyz-new\miniprogram\miniprogram_npm\@vant\weapp\swipe-cell\index.js", "JavaScript", 0, 0, 135, 0, 0, 0, 0, 1, 136
"d:\User_program\bs\xyyz-new\miniprogram\miniprogram_npm\@vant\weapp\swipe-cell\index.json", "JSON", 0, 3, 0, 0, 0, 0, 0, 1, 4
"d:\User_program\bs\xyyz-new\miniprogram\miniprogram_npm\@vant\weapp\swipe-cell\index.wxml", "wxml", 20, 0, 0, 0, 0, 0, 0, 1, 21
"d:\User_program\bs\xyyz-new\miniprogram\miniprogram_npm\@vant\weapp\swipe-cell\index.wxss", "CSS", 0, 0, 0, 1, 0, 0, 0, 0, 1
"d:\User_program\bs\xyyz-new\miniprogram\miniprogram_npm\@vant\weapp\switch\index.d.ts", "TypeScript", 0, 0, 0, 0, 0, 1, 0, 1, 2
"d:\User_program\bs\xyyz-new\miniprogram\miniprogram_npm\@vant\weapp\switch\index.js", "JavaScript", 0, 0, 38, 0, 0, 0, 0, 1, 39
"d:\User_program\bs\xyyz-new\miniprogram\miniprogram_npm\@vant\weapp\switch\index.json", "JSON", 0, 6, 0, 0, 0, 0, 0, 1, 7
"d:\User_program\bs\xyyz-new\miniprogram\miniprogram_npm\@vant\weapp\switch\index.wxml", "wxml", 15, 0, 0, 0, 0, 0, 0, 2, 17
"d:\User_program\bs\xyyz-new\miniprogram\miniprogram_npm\@vant\weapp\switch\index.wxs", "JavaScript", 0, 0, 20, 0, 0, 0, 1, 6, 27
"d:\User_program\bs\xyyz-new\miniprogram\miniprogram_npm\@vant\weapp\switch\index.wxss", "CSS", 0, 0, 0, 1, 0, 0, 0, 0, 1
"d:\User_program\bs\xyyz-new\miniprogram\miniprogram_npm\@vant\weapp\tab\index.d.ts", "TypeScript", 0, 0, 0, 0, 0, 1, 0, 1, 2
"d:\User_program\bs\xyyz-new\miniprogram\miniprogram_npm\@vant\weapp\tab\index.js", "JavaScript", 0, 0, 58, 0, 0, 0, 0, 1, 59
"d:\User_program\bs\xyyz-new\miniprogram\miniprogram_npm\@vant\weapp\tab\index.json", "JSON", 0, 3, 0, 0, 0, 0, 0, 1, 4
"d:\User_program\bs\xyyz-new\miniprogram\miniprogram_npm\@vant\weapp\tab\index.wxml", "wxml", 7, 0, 0, 0, 0, 0, 0, 2, 9
"d:\User_program\bs\xyyz-new\miniprogram\miniprogram_npm\@vant\weapp\tab\index.wxss", "CSS", 0, 0, 0, 1, 0, 0, 0, 0, 1
"d:\User_program\bs\xyyz-new\miniprogram\miniprogram_npm\@vant\weapp\tabbar-item\index.d.ts", "TypeScript", 0, 0, 0, 0, 0, 1, 0, 1, 2
"d:\User_program\bs\xyyz-new\miniprogram\miniprogram_npm\@vant\weapp\tabbar-item\index.js", "JavaScript", 0, 0, 70, 0, 0, 0, 0, 1, 71
"d:\User_program\bs\xyyz-new\miniprogram\miniprogram_npm\@vant\weapp\tabbar-item\index.json", "JSON", 0, 7, 0, 0, 0, 0, 0, 1, 8
"d:\User_program\bs\xyyz-new\miniprogram\miniprogram_npm\@vant\weapp\tabbar-item\index.wxml", "wxml", 27, 0, 0, 0, 0, 0, 0, 2, 29
"d:\User_program\bs\xyyz-new\miniprogram\miniprogram_npm\@vant\weapp\tabbar-item\index.wxss", "CSS", 0, 0, 0, 1, 0, 0, 0, 0, 1
"d:\User_program\bs\xyyz-new\miniprogram\miniprogram_npm\@vant\weapp\tabbar\index.d.ts", "TypeScript", 0, 0, 0, 0, 0, 1, 0, 1, 2
"d:\User_program\bs\xyyz-new\miniprogram\miniprogram_npm\@vant\weapp\tabbar\index.js", "JavaScript", 0, 0, 68, 0, 0, 0, 0, 1, 69
"d:\User_program\bs\xyyz-new\miniprogram\miniprogram_npm\@vant\weapp\tabbar\index.json", "JSON", 0, 3, 0, 0, 0, 0, 0, 1, 4
"d:\User_program\bs\xyyz-new\miniprogram\miniprogram_npm\@vant\weapp\tabbar\index.wxml", "wxml", 8, 0, 0, 0, 0, 0, 0, 3, 11
"d:\User_program\bs\xyyz-new\miniprogram\miniprogram_npm\@vant\weapp\tabbar\index.wxss", "CSS", 0, 0, 0, 1, 0, 0, 0, 0, 1
"d:\User_program\bs\xyyz-new\miniprogram\miniprogram_npm\@vant\weapp\tabs\index.d.ts", "TypeScript", 0, 0, 0, 0, 0, 1, 0, 1, 2
"d:\User_program\bs\xyyz-new\miniprogram\miniprogram_npm\@vant\weapp\tabs\index.js", "JavaScript", 0, 0, 323, 0, 0, 0, 4, 1, 328
"d:\User_program\bs\xyyz-new\miniprogram\miniprogram_npm\@vant\weapp\tabs\index.json", "JSON", 0, 7, 0, 0, 0, 0, 0, 1, 8
"d:\User_program\bs\xyyz-new\miniprogram\miniprogram_npm\@vant\weapp\tabs\index.wxml", "wxml", 59, 0, 0, 0, 0, 0, 0, 5, 64
"d:\User_program\bs\xyyz-new\miniprogram\miniprogram_npm\@vant\weapp\tabs\index.wxs", "JavaScript", 0, 0, 68, 0, 0, 0, 2, 14, 84
"d:\User_program\bs\xyyz-new\miniprogram\miniprogram_npm\@vant\weapp\tabs\index.wxss", "CSS", 0, 0, 0, 1, 0, 0, 0, 0, 1
"d:\User_program\bs\xyyz-new\miniprogram\miniprogram_npm\@vant\weapp\tag\index.d.ts", "TypeScript", 0, 0, 0, 0, 0, 1, 0, 1, 2
"d:\User_program\bs\xyyz-new\miniprogram\miniprogram_npm\@vant\weapp\tag\index.js", "JavaScript", 0, 0, 23, 0, 0, 0, 0, 1, 24
"d:\User_program\bs\xyyz-new\miniprogram\miniprogram_npm\@vant\weapp\tag\index.json", "JSON", 0, 6, 0, 0, 0, 0, 0, 1, 7
"d:\User_program\bs\xyyz-new\miniprogram\miniprogram_npm\@vant\weapp\tag\index.wxml", "wxml", 14, 0, 0, 0, 0, 0, 0, 2, 16
"d:\User_program\bs\xyyz-new\miniprogram\miniprogram_npm\@vant\weapp\tag\index.wxs", "JavaScript", 0, 0, 10, 0, 0, 0, 1, 3, 14
"d:\User_program\bs\xyyz-new\miniprogram\miniprogram_npm\@vant\weapp\tag\index.wxss", "CSS", 0, 0, 0, 1, 0, 0, 0, 0, 1
"d:\User_program\bs\xyyz-new\miniprogram\miniprogram_npm\@vant\weapp\toast\index.d.ts", "TypeScript", 0, 0, 0, 0, 0, 1, 0, 1, 2
"d:\User_program\bs\xyyz-new\miniprogram\miniprogram_npm\@vant\weapp\toast\index.js", "JavaScript", 0, 0, 30, 0, 0, 0, 1, 1, 32
"d:\User_program\bs\xyyz-new\miniprogram\miniprogram_npm\@vant\weapp\toast\index.json", "JSON", 0, 9, 0, 0, 0, 0, 0, 1, 10
"d:\User_program\bs\xyyz-new\miniprogram\miniprogram_npm\@vant\weapp\toast\index.wxml", "wxml", 30, 0, 0, 0, 0, 0, 3, 4, 37
"d:\User_program\bs\xyyz-new\miniprogram\miniprogram_npm\@vant\weapp\toast\index.wxss", "CSS", 0, 0, 0, 1, 0, 0, 0, 0, 1
"d:\User_program\bs\xyyz-new\miniprogram\miniprogram_npm\@vant\weapp\toast\toast.d.ts", "TypeScript", 0, 0, 0, 0, 0, 26, 2, 1, 29
"d:\User_program\bs\xyyz-new\miniprogram\miniprogram_npm\@vant\weapp\toast\toast.js", "JavaScript", 0, 0, 83, 0, 0, 0, 0, 1, 84
"d:\User_program\bs\xyyz-new\miniprogram\miniprogram_npm\@vant\weapp\transition\index.d.ts", "TypeScript", 0, 0, 0, 0, 0, 1, 0, 1, 2
"d:\User_program\bs\xyyz-new\miniprogram\miniprogram_npm\@vant\weapp\transition\index.js", "JavaScript", 0, 0, 15, 0, 0, 0, 0, 1, 16
"d:\User_program\bs\xyyz-new\miniprogram\miniprogram_npm\@vant\weapp\transition\index.json", "JSON", 0, 3, 0, 0, 0, 0, 0, 1, 4
"d:\User_program\bs\xyyz-new\miniprogram\miniprogram_npm\@vant\weapp\transition\index.wxml", "wxml", 9, 0, 0, 0, 0, 0, 0, 2, 11
"d:\User_program\bs\xyyz-new\miniprogram\miniprogram_npm\@vant\weapp\transition\index.wxs", "JavaScript", 0, 0, 14, 0, 0, 0, 1, 3, 18
"d:\User_program\bs\xyyz-new\miniprogram\miniprogram_npm\@vant\weapp\transition\index.wxss", "CSS", 0, 0, 0, 1, 0, 0, 0, 0, 1
"d:\User_program\bs\xyyz-new\miniprogram\miniprogram_npm\@vant\weapp\tree-select\index.d.ts", "TypeScript", 0, 0, 0, 0, 0, 1, 0, 1, 2
"d:\User_program\bs\xyyz-new\miniprogram\miniprogram_npm\@vant\weapp\tree-select\index.js", "JavaScript", 0, 0, 65, 0, 0, 0, 5, 1, 71
"d:\User_program\bs\xyyz-new\miniprogram\miniprogram_npm\@vant\weapp\tree-select\index.json", "JSON", 0, 8, 0, 0, 0, 0, 0, 1, 9
"d:\User_program\bs\xyyz-new\miniprogram\miniprogram_npm\@vant\weapp\tree-select\index.wxml", "wxml", 40, 0, 0, 0, 0, 0, 0, 2, 42
"d:\User_program\bs\xyyz-new\miniprogram\miniprogram_npm\@vant\weapp\tree-select\index.wxs", "JavaScript", 0, 0, 8, 0, 0, 0, 1, 4, 13
"d:\User_program\bs\xyyz-new\miniprogram\miniprogram_npm\@vant\weapp\tree-select\index.wxss", "CSS", 0, 0, 0, 1, 0, 0, 0, 0, 1
"d:\User_program\bs\xyyz-new\miniprogram\miniprogram_npm\@vant\weapp\uploader\index.d.ts", "TypeScript", 0, 0, 0, 0, 0, 1, 0, 1, 2
"d:\User_program\bs\xyyz-new\miniprogram\miniprogram_npm\@vant\weapp\uploader\index.js", "JavaScript", 0, 0, 185, 0, 0, 0, 0, 1, 186
"d:\User_program\bs\xyyz-new\miniprogram\miniprogram_npm\@vant\weapp\uploader\index.json", "JSON", 0, 7, 0, 0, 0, 0, 0, 1, 8
"d:\User_program\bs\xyyz-new\miniprogram\miniprogram_npm\@vant\weapp\uploader\index.wxml", "wxml", 79, 0, 0, 0, 0, 0, 3, 4, 86
"d:\User_program\bs\xyyz-new\miniprogram\miniprogram_npm\@vant\weapp\uploader\index.wxs", "JavaScript", 0, 0, 14, 0, 0, 0, 1, 3, 18
"d:\User_program\bs\xyyz-new\miniprogram\miniprogram_npm\@vant\weapp\uploader\index.wxss", "CSS", 0, 0, 0, 1, 0, 0, 0, 0, 1
"d:\User_program\bs\xyyz-new\miniprogram\miniprogram_npm\@vant\weapp\uploader\shared.d.ts", "TypeScript", 0, 0, 0, 0, 0, 61, 0, 1, 62
"d:\User_program\bs\xyyz-new\miniprogram\miniprogram_npm\@vant\weapp\uploader\shared.js", "JavaScript", 0, 0, 64, 0, 0, 0, 4, 1, 69
"d:\User_program\bs\xyyz-new\miniprogram\miniprogram_npm\@vant\weapp\uploader\utils.d.ts", "TypeScript", 0, 0, 0, 0, 0, 24, 0, 1, 25
"d:\User_program\bs\xyyz-new\miniprogram\miniprogram_npm\@vant\weapp\uploader\utils.js", "JavaScript", 0, 0, 112, 0, 0, 0, 0, 1, 113
"d:\User_program\bs\xyyz-new\miniprogram\miniprogram_npm\@vant\weapp\wxs\add-unit.wxs", "JavaScript", 0, 0, 8, 0, 0, 0, 1, 4, 13
"d:\User_program\bs\xyyz-new\miniprogram\miniprogram_npm\@vant\weapp\wxs\array.wxs", "JavaScript", 0, 0, 4, 0, 0, 0, 0, 2, 6
"d:\User_program\bs\xyyz-new\miniprogram\miniprogram_npm\@vant\weapp\wxs\bem.wxs", "JavaScript", 0, 0, 33, 0, 0, 0, 1, 6, 40
"d:\User_program\bs\xyyz-new\miniprogram\miniprogram_npm\@vant\weapp\wxs\memoize.wxs", "JavaScript", 0, 0, 40, 0, 0, 0, 6, 10, 56
"d:\User_program\bs\xyyz-new\miniprogram\miniprogram_npm\@vant\weapp\wxs\object.wxs", "JavaScript", 0, 0, 10, 0, 0, 0, 1, 3, 14
"d:\User_program\bs\xyyz-new\miniprogram\miniprogram_npm\@vant\weapp\wxs\style.wxs", "JavaScript", 0, 0, 35, 0, 0, 0, 1, 7, 43
"d:\User_program\bs\xyyz-new\miniprogram\miniprogram_npm\@vant\weapp\wxs\utils.wxs", "JavaScript", 0, 0, 8, 0, 0, 0, 1, 2, 11
"d:\User_program\bs\xyyz-new\miniprogram\package-lock.json", "JSON", 0, 60, 0, 0, 0, 0, 0, 1, 61
"d:\User_program\bs\xyyz-new\miniprogram\package.json", "JSON", 0, 15, 0, 0, 0, 0, 0, 1, 16
"d:\User_program\bs\xyyz-new\miniprogram\pages\address\edit.js", "JavaScript", 0, 0, 133, 0, 0, 0, 12, 19, 164
"d:\User_program\bs\xyyz-new\miniprogram\pages\address\edit.json", "JSON", 0, 9, 0, 0, 0, 0, 0, 1, 10
"d:\User_program\bs\xyyz-new\miniprogram\pages\address\edit.wxml", "wxml", 86, 0, 0, 0, 0, 0, 7, 10, 103
"d:\User_program\bs\xyyz-new\miniprogram\pages\address\edit.wxss", "CSS", 0, 0, 0, 95, 0, 0, 5, 17, 117
"d:\User_program\bs\xyyz-new\miniprogram\pages\address\list.js", "JavaScript", 0, 0, 113, 0, 0, 0, 7, 22, 142
"d:\User_program\bs\xyyz-new\miniprogram\pages\address\list.json", "JSON", 0, 13, 0, 0, 0, 0, 0, 1, 14
"d:\User_program\bs\xyyz-new\miniprogram\pages\address\list.wxml", "wxml", 71, 0, 0, 0, 0, 0, 9, 9, 89
"d:\User_program\bs\xyyz-new\miniprogram\pages\address\list.wxss", "CSS", 0, 0, 0, 94, 0, 0, 6, 17, 117
"d:\User_program\bs\xyyz-new\miniprogram\pages\aftersale\apply.js", "JavaScript", 0, 0, 133, 0, 0, 0, 2, 20, 155
"d:\User_program\bs\xyyz-new\miniprogram\pages\aftersale\apply.json", "JSON", 0, 10, 0, 0, 0, 0, 0, 1, 11
"d:\User_program\bs\xyyz-new\miniprogram\pages\aftersale\apply.wxml", "wxml", 97, 0, 0, 0, 0, 0, 7, 7, 111
"d:\User_program\bs\xyyz-new\miniprogram\pages\aftersale\apply.wxss", "CSS", 0, 0, 0, 77, 0, 0, 5, 7, 89
"d:\User_program\bs\xyyz-new\miniprogram\pages\aftersale\detail.js", "JavaScript", 0, 0, 407, 0, 0, 0, 11, 44, 462
"d:\User_program\bs\xyyz-new\miniprogram\pages\aftersale\detail.json", "JSON", 0, 13, 0, 0, 0, 0, 0, 1, 14
"d:\User_program\bs\xyyz-new\miniprogram\pages\aftersale\detail.wxml", "wxml", 298, 0, 0, 0, 0, 0, 0, 22, 320
"d:\User_program\bs\xyyz-new\miniprogram\pages\aftersale\detail.wxss", "CSS", 0, 0, 0, 810, 0, 0, 0, 138, 948
"d:\User_program\bs\xyyz-new\miniprogram\pages\aftersale\seller-list.js", "JavaScript", 0, 0, 385, 0, 0, 0, 2, 45, 432
"d:\User_program\bs\xyyz-new\miniprogram\pages\aftersale\seller-list.json", "JSON", 0, 13, 0, 0, 0, 0, 0, 1, 14
"d:\User_program\bs\xyyz-new\miniprogram\pages\aftersale\seller-list.wxml", "wxml", 282, 0, 0, 0, 0, 0, 0, 31, 313
"d:\User_program\bs\xyyz-new\miniprogram\pages\aftersale\seller-list.wxss", "CSS", 0, 0, 0, 569, 0, 0, 0, 86, 655
"d:\User_program\bs\xyyz-new\miniprogram\pages\ai-chat\index.js", "JavaScript", 0, 0, 342, 0, 0, 0, 20, 48, 410
"d:\User_program\bs\xyyz-new\miniprogram\pages\ai-chat\index.json", "JSON", 0, 7, 0, 0, 0, 0, 0, 1, 8
"d:\User_program\bs\xyyz-new\miniprogram\pages\ai-chat\index.wxml", "wxml", 163, 0, 0, 0, 0, 0, 15, 11, 189
"d:\User_program\bs\xyyz-new\miniprogram\pages\ai-chat\index.wxss", "CSS", 0, 0, 0, 459, 0, 0, 15, 67, 541
"d:\User_program\bs\xyyz-new\miniprogram\pages\certification\apply.js", "JavaScript", 0, 0, 215, 0, 0, 0, 0, 29, 244
"d:\User_program\bs\xyyz-new\miniprogram\pages\certification\apply.json", "JSON", 0, 12, 0, 0, 0, 0, 0, 2, 14
"d:\User_program\bs\xyyz-new\miniprogram\pages\certification\apply.wxml", "wxml", 115, 0, 0, 0, 0, 0, 0, 12, 127
"d:\User_program\bs\xyyz-new\miniprogram\pages\certification\apply.wxss", "CSS", 0, 0, 0, 128, 0, 0, 1, 25, 154
"d:\User_program\bs\xyyz-new\miniprogram\pages\chat\manage.js", "JavaScript", 0, 0, 216, 0, 0, 0, 0, 34, 250
"d:\User_program\bs\xyyz-new\miniprogram\pages\chat\manage.json", "JSON", 0, 8, 0, 0, 0, 0, 0, 1, 9
"d:\User_program\bs\xyyz-new\miniprogram\pages\chat\manage.wxml", "wxml", 107, 0, 0, 0, 0, 0, 0, 11, 118
"d:\User_program\bs\xyyz-new\miniprogram\pages\chat\manage.wxss", "CSS", 0, 0, 0, 190, 0, 0, 0, 36, 226
"d:\User_program\bs\xyyz-new\miniprogram\pages\chat\room.js", "JavaScript", 0, 0, 1022, 0, 0, 0, 41, 140, 1203
"d:\User_program\bs\xyyz-new\miniprogram\pages\chat\room.json", "JSON", 0, 9, 0, 0, 0, 0, 0, 1, 10
"d:\User_program\bs\xyyz-new\miniprogram\pages\chat\room.wxml", "wxml", 230, 0, 0, 0, 0, 0, 31, 22, 283
"d:\User_program\bs\xyyz-new\miniprogram\pages\chat\room.wxss", "CSS", 0, 0, 0, 700, 0, 0, 29, 115, 844
"d:\User_program\bs\xyyz-new\miniprogram\pages\chat\search.js", "JavaScript", 0, 0, 119, 0, 0, 0, 0, 20, 139
"d:\User_program\bs\xyyz-new\miniprogram\pages\chat\search.json", "JSON", 0, 8, 0, 0, 0, 0, 0, 1, 9
"d:\User_program\bs\xyyz-new\miniprogram\pages\chat\search.wxml", "wxml", 50, 0, 0, 0, 0, 0, 0, 7, 57
"d:\User_program\bs\xyyz-new\miniprogram\pages\chat\search.wxss", "CSS", 0, 0, 0, 102, 0, 0, 0, 17, 119
"d:\User_program\bs\xyyz-new\miniprogram\pages\community\detail.js", "JavaScript", 0, 0, 1215, 0, 0, 0, 244, 223, 1682
"d:\User_program\bs\xyyz-new\miniprogram\pages\community\detail.json", "JSON", 0, 12, 0, 0, 0, 0, 0, 1, 13
"d:\User_program\bs\xyyz-new\miniprogram\pages\community\detail.wxml", "wxml", 310, 0, 0, 0, 0, 0, 23, 25, 358
"d:\User_program\bs\xyyz-new\miniprogram\pages\community\detail.wxss", "CSS", 0, 0, 0, 600, 0, 0, 21, 126, 747
"d:\User_program\bs\xyyz-new\miniprogram\pages\community\index.js", "JavaScript", 0, 0, 574, 0, 0, 0, 30, 75, 679
"d:\User_program\bs\xyyz-new\miniprogram\pages\community\index.json", "JSON", 0, 9, 0, 0, 0, 0, 0, 1, 10
"d:\User_program\bs\xyyz-new\miniprogram\pages\community\index.wxml", "wxml", 374, 0, 0, 0, 0, 0, 22, 14, 410
"d:\User_program\bs\xyyz-new\miniprogram\pages\community\index.wxss", "CSS", 0, 0, 0, 640, 0, 0, 28, 113, 781
"d:\User_program\bs\xyyz-new\miniprogram\pages\community\post.js", "JavaScript", 0, 0, 576, 0, 0, 0, 131, 98, 805
"d:\User_program\bs\xyyz-new\miniprogram\pages\community\post.json", "JSON", 0, 13, 0, 0, 0, 0, 0, 1, 14
"d:\User_program\bs\xyyz-new\miniprogram\pages\community\post.wxml", "wxml", 170, 0, 0, 0, 0, 0, 17, 10, 197
"d:\User_program\bs\xyyz-new\miniprogram\pages\community\post.wxss", "CSS", 0, 0, 0, 367, 0, 0, 18, 66, 451
"d:\User_program\bs\xyyz-new\miniprogram\pages\community\topic.js", "JavaScript", 0, 0, 262, 0, 0, 0, 60, 37, 359
"d:\User_program\bs\xyyz-new\miniprogram\pages\community\topic.json", "JSON", 0, 10, 0, 0, 0, 0, 0, 1, 11
"d:\User_program\bs\xyyz-new\miniprogram\pages\community\topic.wxml", "wxml", 169, 0, 0, 0, 0, 0, 22, 12, 203
"d:\User_program\bs\xyyz-new\miniprogram\pages\community\topic.wxss", "CSS", 0, 0, 0, 457, 0, 0, 23, 73, 553
"d:\User_program\bs\xyyz-new\miniprogram\pages\community\user-profile.js", "JavaScript", 0, 0, 697, 0, 0, 0, 0, 102, 799
"d:\User_program\bs\xyyz-new\miniprogram\pages\community\user-profile.json", "JSON", 0, 9, 0, 0, 0, 0, 0, 2, 11
"d:\User_program\bs\xyyz-new\miniprogram\pages\community\user-profile.wxml", "wxml", 190, 0, 0, 0, 0, 0, 2, 26, 218
"d:\User_program\bs\xyyz-new\miniprogram\pages\community\user-profile.wxss", "CSS", 0, 0, 0, 611, 0, 0, 0, 91, 702
"d:\User_program\bs\xyyz-new\miniprogram\pages\example\index.js", "JavaScript", 0, 0, 514, 0, 0, 0, 28, 28, 570
"d:\User_program\bs\xyyz-new\miniprogram\pages\example\index.json", "JSON", 0, 5, 0, 0, 0, 0, 0, 0, 5
"d:\User_program\bs\xyyz-new\miniprogram\pages\example\index.wxml", "wxml", 174, 0, 0, 0, 0, 0, 8, 8, 190
"d:\User_program\bs\xyyz-new\miniprogram\pages\example\index.wxss", "CSS", 0, 0, 0, 159, 0, 0, 2, 24, 185
"d:\User_program\bs\xyyz-new\miniprogram\pages\gerenzhongxin\gerenzhongxin.js", "JavaScript", 0, 0, 1124, 0, 0, 0, 0, 113, 1237
"d:\User_program\bs\xyyz-new\miniprogram\pages\gerenzhongxin\gerenzhongxin.json", "JSON", 0, 7, 0, 0, 0, 0, 0, 1, 8
"d:\User_program\bs\xyyz-new\miniprogram\pages\gerenzhongxin\gerenzhongxin.wxml", "wxml", 363, 0, 0, 0, 0, 0, 0, 24, 387
"d:\User_program\bs\xyyz-new\miniprogram\pages\gerenzhongxin\gerenzhongxin.wxss", "CSS", 0, 0, 0, 698, 0, 0, 0, 107, 805
"d:\User_program\bs\xyyz-new\miniprogram\pages\home\home.js", "JavaScript", 0, 0, 426, 0, 0, 0, 20, 75, 521
"d:\User_program\bs\xyyz-new\miniprogram\pages\home\home.json", "JSON", 0, 8, 0, 0, 0, 0, 0, 1, 9
"d:\User_program\bs\xyyz-new\miniprogram\pages\home\home.wxml", "wxml", 139, 0, 0, 0, 0, 0, 10, 17, 166
"d:\User_program\bs\xyyz-new\miniprogram\pages\home\home.wxss", "CSS", 0, 0, 0, 426, 0, 0, 18, 69, 513
"d:\User_program\bs\xyyz-new\miniprogram\pages\home\hunan.js", "JavaScript", 0, 0, 1, 0, 0, 0, 0, 0, 1
"d:\User_program\bs\xyyz-new\miniprogram\pages\index\index.js", "JavaScript", 0, 0, 169, 0, 0, 0, 16, 3, 188
"d:\User_program\bs\xyyz-new\miniprogram\pages\index\index.json", "JSON", 0, 6, 0, 0, 0, 0, 0, 0, 6
"d:\User_program\bs\xyyz-new\miniprogram\pages\index\index.wxml", "wxml", 28, 0, 0, 0, 0, 0, 1, 0, 29
"d:\User_program\bs\xyyz-new\miniprogram\pages\index\index.wxss", "CSS", 0, 0, 0, 122, 0, 0, 1, 20, 143
"d:\User_program\bs\xyyz-new\miniprogram\pages\login\login.js", "JavaScript", 0, 0, 297, 0, 0, 0, 60, 44, 401
"d:\User_program\bs\xyyz-new\miniprogram\pages\login\login.json", "JSON", 0, 9, 0, 0, 0, 0, 0, 2, 11
"d:\User_program\bs\xyyz-new\miniprogram\pages\login\login.wxml", "wxml", 96, 0, 0, 0, 0, 0, 12, 12, 120
"d:\User_program\bs\xyyz-new\miniprogram\pages\login\login.wxss", "CSS", 0, 0, 0, 319, 0, 0, 14, 54, 387
"d:\User_program\bs\xyyz-new\miniprogram\pages\mall\category.js", "JavaScript", 0, 0, 103, 0, 0, 0, 0, 14, 117
"d:\User_program\bs\xyyz-new\miniprogram\pages\mall\category.json", "JSON", 0, 12, 0, 0, 0, 0, 0, 2, 14
"d:\User_program\bs\xyyz-new\miniprogram\pages\mall\category.wxml", "wxml", 70, 0, 0, 0, 0, 0, 13, 7, 90
"d:\User_program\bs\xyyz-new\miniprogram\pages\mall\category.wxss", "CSS", 0, 0, 0, 180, 0, 0, 12, 35, 227
"d:\User_program\bs\xyyz-new\miniprogram\pages\mall\checkout.js", "JavaScript", 0, 0, 245, 0, 0, 0, 0, 32, 277
"d:\User_program\bs\xyyz-new\miniprogram\pages\mall\checkout.json", "JSON", 0, 11, 0, 0, 0, 0, 0, 1, 12
"d:\User_program\bs\xyyz-new\miniprogram\pages\mall\checkout.wxml", "wxml", 106, 0, 0, 0, 0, 0, 0, 7, 113
"d:\User_program\bs\xyyz-new\miniprogram\pages\mall\checkout.wxss", "CSS", 0, 0, 0, 240, 0, 0, 5, 44, 289
"d:\User_program\bs\xyyz-new\miniprogram\pages\mall\detail.js", "JavaScript", 0, 0, 449, 0, 0, 0, 0, 60, 509
"d:\User_program\bs\xyyz-new\miniprogram\pages\mall\detail.json", "JSON", 0, 10, 0, 0, 0, 0, 0, 1, 11
"d:\User_program\bs\xyyz-new\miniprogram\pages\mall\detail.wxml", "wxml", 265, 0, 0, 0, 0, 0, 0, 34, 299
"d:\User_program\bs\xyyz-new\miniprogram\pages\mall\detail.wxss", "CSS", 0, 0, 0, 893, 0, 0, 1, 137, 1031
"d:\User_program\bs\xyyz-new\miniprogram\pages\mall\home.js", "JavaScript", 0, 0, 493, 0, 0, 0, 0, 79, 572
"d:\User_program\bs\xyyz-new\miniprogram\pages\mall\home.json", "JSON", 0, 10, 0, 0, 0, 0, 0, 1, 11
"d:\User_program\bs\xyyz-new\miniprogram\pages\mall\home.wxml", "wxml", 225, 0, 0, 0, 0, 0, 0, 17, 242
"d:\User_program\bs\xyyz-new\miniprogram\pages\mall\home.wxss", "CSS", 0, 0, 0, 563, 0, 0, 0, 85, 648
"d:\User_program\bs\xyyz-new\miniprogram\pages\mall\topic.js", "JavaScript", 0, 0, 150, 0, 0, 0, 0, 19, 169
"d:\User_program\bs\xyyz-new\miniprogram\pages\mall\topic.json", "JSON", 0, 13, 0, 0, 0, 0, 0, 2, 15
"d:\User_program\bs\xyyz-new\miniprogram\pages\mall\topic.wxml", "wxml", 109, 0, 0, 0, 0, 0, 12, 9, 130
"d:\User_program\bs\xyyz-new\miniprogram\pages\mall\topic.wxss", "CSS", 0, 0, 0, 215, 0, 0, 9, 40, 264
"d:\User_program\bs\xyyz-new\miniprogram\pages\message\list.js", "JavaScript", 0, 0, 224, 0, 0, 0, 2, 44, 270
"d:\User_program\bs\xyyz-new\miniprogram\pages\message\list.json", "JSON", 0, 10, 0, 0, 0, 0, 0, 2, 12
"d:\User_program\bs\xyyz-new\miniprogram\pages\message\list.wxml", "wxml", 63, 0, 0, 0, 0, 0, 10, 8, 81
"d:\User_program\bs\xyyz-new\miniprogram\pages\message\list.wxss", "CSS", 0, 0, 0, 182, 0, 0, 9, 32, 223
"d:\User_program\bs\xyyz-new\miniprogram\pages\order\detail.js", "JavaScript", 0, 0, 380, 0, 0, 0, 22, 46, 448
"d:\User_program\bs\xyyz-new\miniprogram\pages\order\detail.json", "JSON", 0, 11, 0, 0, 0, 0, 0, 1, 12
"d:\User_program\bs\xyyz-new\miniprogram\pages\order\detail.wxml", "wxml", 335, 0, 0, 0, 0, 0, 0, 20, 355
"d:\User_program\bs\xyyz-new\miniprogram\pages\order\detail.wxss", "CSS", 0, 0, 0, 799, 0, 0, 0, 137, 936
"d:\User_program\bs\xyyz-new\miniprogram\pages\order\list.js", "JavaScript", 0, 0, 735, 0, 0, 0, 0, 110, 845
"d:\User_program\bs\xyyz-new\miniprogram\pages\order\list.json", "JSON", 0, 11, 0, 0, 0, 0, 0, 1, 12
"d:\User_program\bs\xyyz-new\miniprogram\pages\order\list.wxml", "wxml", 286, 0, 0, 0, 0, 0, 0, 32, 318
"d:\User_program\bs\xyyz-new\miniprogram\pages\order\list.wxss", "CSS", 0, 0, 0, 661, 0, 0, 0, 104, 765
"d:\User_program\bs\xyyz-new\miniprogram\pages\order\logistics.js", "JavaScript", 0, 0, 145, 0, 0, 0, 3, 15, 163
"d:\User_program\bs\xyyz-new\miniprogram\pages\order\logistics.json", "JSON", 0, 10, 0, 0, 0, 0, 0, 1, 11
"d:\User_program\bs\xyyz-new\miniprogram\pages\order\logistics.wxml", "wxml", 104, 0, 0, 0, 0, 0, 10, 8, 122
"d:\User_program\bs\xyyz-new\miniprogram\pages\order\logistics.wxss", "CSS", 0, 0, 0, 288, 0, 0, 7, 48, 343
"d:\User_program\bs\xyyz-new\miniprogram\pages\order\seller-list.js", "JavaScript", 0, 0, 524, 0, 0, 0, 1, 67, 592
"d:\User_program\bs\xyyz-new\miniprogram\pages\order\seller-list.json", "JSON", 0, 16, 0, 0, 0, 0, 0, 1, 17
"d:\User_program\bs\xyyz-new\miniprogram\pages\order\seller-list.wxml", "wxml", 297, 0, 0, 0, 0, 0, 0, 32, 329
"d:\User_program\bs\xyyz-new\miniprogram\pages\order\seller-list.wxss", "CSS", 0, 0, 0, 703, 0, 0, 0, 110, 813
"d:\User_program\bs\xyyz-new\miniprogram\pages\product\manage.js", "JavaScript", 0, 0, 362, 0, 0, 0, 0, 57, 419
"d:\User_program\bs\xyyz-new\miniprogram\pages\product\manage.json", "JSON", 0, 10, 0, 0, 0, 0, 0, 1, 11
"d:\User_program\bs\xyyz-new\miniprogram\pages\product\manage.wxml", "wxml", 214, 0, 0, 0, 0, 0, 0, 18, 232
"d:\User_program\bs\xyyz-new\miniprogram\pages\product\manage.wxss", "CSS", 0, 0, 0, 620, 0, 0, 0, 99, 719
"d:\User_program\bs\xyyz-new\miniprogram\pages\product\publish.js", "JavaScript", 0, 0, 815, 0, 0, 0, 0, 118, 933
"d:\User_program\bs\xyyz-new\miniprogram\pages\product\publish.json", "JSON", 0, 9, 0, 0, 0, 0, 0, 2, 11
"d:\User_program\bs\xyyz-new\miniprogram\pages\product\publish.wxml", "wxml", 583, 0, 0, 0, 0, 0, 0, 51, 634
"d:\User_program\bs\xyyz-new\miniprogram\pages\product\publish.wxss", "CSS", 0, 0, 0, 1204, 0, 0, 0, 185, 1389
"d:\User_program\bs\xyyz-new\miniprogram\pages\profile\edit.js", "JavaScript", 0, 0, 353, 0, 0, 0, 0, 41, 394
"d:\User_program\bs\xyyz-new\miniprogram\pages\profile\edit.json", "JSON", 0, 9, 0, 0, 0, 0, 0, 1, 10
"d:\User_program\bs\xyyz-new\miniprogram\pages\profile\edit.wxml", "wxml", 122, 0, 0, 0, 0, 0, 0, 10, 132
"d:\User_program\bs\xyyz-new\miniprogram\pages\profile\edit.wxss", "CSS", 0, 0, 0, 196, 0, 0, 0, 33, 229
"d:\User_program\bs\xyyz-new\miniprogram\pages\resource\inheritor-detail.js", "JavaScript", 0, 0, 113, 0, 0, 0, 0, 18, 131
"d:\User_program\bs\xyyz-new\miniprogram\pages\resource\inheritor-detail.json", "JSON", 0, 11, 0, 0, 0, 0, 0, 1, 12
"d:\User_program\bs\xyyz-new\miniprogram\pages\resource\inheritor-detail.wxml", "wxml", 77, 0, 0, 0, 0, 0, 6, 11, 94
"d:\User_program\bs\xyyz-new\miniprogram\pages\resource\inheritor-detail.wxss", "CSS", 0, 0, 0, 246, 0, 0, 10, 38, 294
"d:\User_program\bs\xyyz-new\miniprogram\pages\resource\inheritor-list.js", "JavaScript", 0, 0, 108, 0, 0, 0, 0, 22, 130
"d:\User_program\bs\xyyz-new\miniprogram\pages\resource\inheritor-list.json", "JSON", 0, 13, 0, 0, 0, 0, 0, 1, 14
"d:\User_program\bs\xyyz-new\miniprogram\pages\resource\inheritor-list.wxml", "wxml", 94, 0, 0, 0, 0, 0, 7, 13, 114
"d:\User_program\bs\xyyz-new\miniprogram\pages\resource\inheritor-list.wxss", "CSS", 0, 0, 0, 293, 0, 0, 11, 48, 352
"d:\User_program\bs\xyyz-new\miniprogram\pages\resource\list.js", "JavaScript", 0, 0, 176, 0, 0, 0, 1, 24, 201
"d:\User_program\bs\xyyz-new\miniprogram\pages\resource\list.json", "JSON", 0, 14, 0, 0, 0, 0, 0, 1, 15
"d:\User_program\bs\xyyz-new\miniprogram\pages\resource\list.wxml", "wxml", 161, 0, 0, 0, 0, 0, 17, 18, 196
"d:\User_program\bs\xyyz-new\miniprogram\pages\resource\list.wxss", "CSS", 0, 0, 0, 328, 0, 0, 10, 54, 392
"d:\User_program\bs\xyyz-new\miniprogram\pages\resource\news-detail.js", "JavaScript", 0, 0, 91, 0, 0, 0, 1, 14, 106
"d:\User_program\bs\xyyz-new\miniprogram\pages\resource\news-detail.json", "JSON", 0, 11, 0, 0, 0, 0, 0, 1, 12
"d:\User_program\bs\xyyz-new\miniprogram\pages\resource\news-detail.wxml", "wxml", 91, 0, 0, 0, 0, 0, 17, 17, 125
"d:\User_program\bs\xyyz-new\miniprogram\pages\resource\news-detail.wxss", "CSS", 0, 0, 0, 209, 0, 0, 11, 35, 255
"d:\User_program\bs\xyyz-new\miniprogram\pages\resource\project-detail.js", "JavaScript", 0, 0, 114, 0, 0, 0, 0, 16, 130
"d:\User_program\bs\xyyz-new\miniprogram\pages\resource\project-detail.json", "JSON", 0, 11, 0, 0, 0, 0, 0, 1, 12
"d:\User_program\bs\xyyz-new\miniprogram\pages\resource\project-detail.wxml", "wxml", 108, 0, 0, 0, 0, 0, 11, 11, 130
"d:\User_program\bs\xyyz-new\miniprogram\pages\resource\project-detail.wxss", "CSS", 0, 0, 0, 248, 0, 0, 10, 41, 299
"d:\User_program\bs\xyyz-new\miniprogram\pages\resource\project-list.js", "JavaScript", 0, 0, 130, 0, 0, 0, 0, 22, 152
"d:\User_program\bs\xyyz-new\miniprogram\pages\resource\project-list.json", "JSON", 0, 13, 0, 0, 0, 0, 0, 1, 14
"d:\User_program\bs\xyyz-new\miniprogram\pages\resource\project-list.wxml", "wxml", 116, 0, 0, 0, 0, 0, 5, 13, 134
"d:\User_program\bs\xyyz-new\miniprogram\pages\resource\project-list.wxss", "CSS", 0, 0, 0, 267, 0, 0, 11, 45, 323
"d:\User_program\bs\xyyz-new\miniprogram\pages\review\detail.js", "JavaScript", 0, 0, 55, 0, 0, 0, 0, 9, 64
"d:\User_program\bs\xyyz-new\miniprogram\pages\review\detail.json", "JSON", 0, 9, 0, 0, 0, 0, 0, 1, 10
"d:\User_program\bs\xyyz-new\miniprogram\pages\review\detail.wxml", "wxml", 79, 0, 0, 0, 0, 0, 0, 9, 88
"d:\User_program\bs\xyyz-new\miniprogram\pages\review\detail.wxss", "CSS", 0, 0, 0, 173, 0, 0, 0, 30, 203
"d:\User_program\bs\xyyz-new\miniprogram\pages\review\product-list.js", "JavaScript", 0, 0, 139, 0, 0, 0, 0, 17, 156
"d:\User_program\bs\xyyz-new\miniprogram\pages\review\product-list.json", "JSON", 0, 11, 0, 0, 0, 0, 0, 1, 12
"d:\User_program\bs\xyyz-new\miniprogram\pages\review\product-list.wxml", "wxml", 105, 0, 0, 0, 0, 0, 0, 12, 117
"d:\User_program\bs\xyyz-new\miniprogram\pages\review\product-list.wxss", "CSS", 0, 0, 0, 200, 0, 0, 0, 35, 235
"d:\User_program\bs\xyyz-new\miniprogram\pages\review\submit.js", "JavaScript", 0, 0, 202, 0, 0, 0, 0, 28, 230
"d:\User_program\bs\xyyz-new\miniprogram\pages\review\submit.json", "JSON", 0, 11, 0, 0, 0, 0, 0, 1, 12
"d:\User_program\bs\xyyz-new\miniprogram\pages\review\submit.wxml", "wxml", 72, 0, 0, 0, 0, 0, 0, 11, 83
"d:\User_program\bs\xyyz-new\miniprogram\pages\review\submit.wxss", "CSS", 0, 0, 0, 110, 0, 0, 0, 19, 129
"d:\User_program\bs\xyyz-new\miniprogram\pages\search\index.js", "JavaScript", 0, 0, 388, 0, 0, 0, 25, 61, 474
"d:\User_program\bs\xyyz-new\miniprogram\pages\search\index.json", "JSON", 0, 9, 0, 0, 0, 0, 0, 1, 10
"d:\User_program\bs\xyyz-new\miniprogram\pages\search\index.wxml", "wxml", 380, 0, 0, 0, 0, 0, 25, 22, 427
"d:\User_program\bs\xyyz-new\miniprogram\pages\search\index.wxss", "CSS", 0, 0, 0, 782, 0, 0, 47, 104, 933
"d:\User_program\bs\xyyz-new\miniprogram\pages\user\relations.js", "JavaScript", 0, 0, 320, 0, 0, 0, 67, 60, 447
"d:\User_program\bs\xyyz-new\miniprogram\pages\user\relations.json", "JSON", 0, 10, 0, 0, 0, 0, 0, 2, 12
"d:\User_program\bs\xyyz-new\miniprogram\pages\user\relations.wxml", "wxml", 139, 0, 0, 0, 0, 0, 7, 6, 152
"d:\User_program\bs\xyyz-new\miniprogram\pages\user\relations.wxss", "CSS", 0, 0, 0, 160, 0, 0, 12, 29, 201
"d:\User_program\bs\xyyz-new\miniprogram\pages\venue\detail.js", "JavaScript", 0, 0, 147, 0, 0, 0, 50, 43, 240
"d:\User_program\bs\xyyz-new\miniprogram\pages\venue\detail.json", "JSON", 0, 11, 0, 0, 0, 0, 0, 2, 13
"d:\User_program\bs\xyyz-new\miniprogram\pages\venue\detail.wxml", "wxml", 92, 0, 0, 0, 0, 0, 13, 12, 117
"d:\User_program\bs\xyyz-new\miniprogram\pages\venue\detail.wxss", "CSS", 0, 0, 0, 205, 0, 0, 11, 35, 251
"d:\User_program\bs\xyyz-new\miniprogram\pages\venue\list.js", "JavaScript", 0, 0, 82, 0, 0, 0, 37, 30, 149
"d:\User_program\bs\xyyz-new\miniprogram\pages\venue\list.json", "JSON", 0, 12, 0, 0, 0, 0, 0, 2, 14
"d:\User_program\bs\xyyz-new\miniprogram\pages\venue\list.wxml", "wxml", 37, 0, 0, 0, 0, 0, 6, 5, 48
"d:\User_program\bs\xyyz-new\miniprogram\pages\venue\list.wxss", "CSS", 0, 0, 0, 85, 0, 0, 5, 14, 104
"d:\User_program\bs\xyyz-new\miniprogram\pages\wallet\index.js", "JavaScript", 0, 0, 275, 0, 0, 0, 18, 39, 332
"d:\User_program\bs\xyyz-new\miniprogram\pages\wallet\index.json", "JSON", 0, 14, 0, 0, 0, 0, 0, 1, 15
"d:\User_program\bs\xyyz-new\miniprogram\pages\wallet\index.wxml", "wxml", 99, 0, 0, 0, 0, 0, 14, 9, 122
"d:\User_program\bs\xyyz-new\miniprogram\pages\wallet\index.wxss", "CSS", 0, 0, 0, 275, 0, 0, 5, 48, 328
"d:\User_program\bs\xyyz-new\miniprogram\pages\webview\index.js", "JavaScript", 0, 0, 15, 0, 0, 0, 1, 3, 19
"d:\User_program\bs\xyyz-new\miniprogram\pages\webview\index.json", "JSON", 0, 6, 0, 0, 0, 0, 0, 1, 7
"d:\User_program\bs\xyyz-new\miniprogram\pages\webview\index.wxml", "wxml", 11, 0, 0, 0, 0, 0, 1, 1, 13
"d:\User_program\bs\xyyz-new\miniprogram\pages\webview\index.wxss", "CSS", 0, 0, 0, 8, 0, 0, 1, 2, 11
"d:\User_program\bs\xyyz-new\miniprogram\pages\workshop\edit-info.js", "JavaScript", 0, 0, 193, 0, 0, 0, 0, 28, 221
"d:\User_program\bs\xyyz-new\miniprogram\pages\workshop\edit-info.json", "JSON", 0, 9, 0, 0, 0, 0, 0, 1, 10
"d:\User_program\bs\xyyz-new\miniprogram\pages\workshop\edit-info.wxml", "wxml", 137, 0, 0, 0, 0, 0, 0, 12, 149
"d:\User_program\bs\xyyz-new\miniprogram\pages\workshop\edit-info.wxss", "CSS", 0, 0, 0, 232, 0, 0, 0, 37, 269
"d:\User_program\bs\xyyz-new\miniprogram\pages\workshop\index.js", "JavaScript", 0, 0, 971, 0, 0, 0, 0, 143, 1114
"d:\User_program\bs\xyyz-new\miniprogram\pages\workshop\index.json", "JSON", 0, 11, 0, 0, 0, 0, 0, 1, 12
"d:\User_program\bs\xyyz-new\miniprogram\pages\workshop\index.wxml", "wxml", 283, 0, 0, 0, 0, 0, 0, 27, 310
"d:\User_program\bs\xyyz-new\miniprogram\pages\workshop\index.wxss", "CSS", 0, 0, 0, 620, 0, 0, 0, 101, 721
"d:\User_program\bs\xyyz-new\miniprogram\sitemap.json", "JSON", 0, 7, 0, 0, 0, 0, 0, 0, 7
"Total", "-", 10840, 571, 21184, 19621, 11, 416, 1619, 6338, 60600